sys_id,opened_at,closed_at,category,priority,assignment_group,short_description,description
SR10000,2026-03-04 07:08:00,2026-03-04 11:15:58,Network,3 - Moderate,Network Support,와이파이 신호 불량 및 속도 저하,회의실 A에서 사내 와이파이 연결이 자주 끊기고 속도가 너무 느려서 회의 진행이 어렵습니다.
SR10001,2026-04-19 01:01:00,2026-04-19 04:23:07,Network,2 - High,Network Support,방화벽 포트 오픈 신청,신규 개발 시스템 구축을 위해 개발망과 운영망 간의 특정 포트 오픈이 필요합니다.
SR10002,2026-05-10 19:01:00,2026-05-10 21:04:14,Network,2 - High,Network Support,사내 VPN 접속 오류 발생,외부 출장 중에 사내 VPN에 접속하려고 하면 403 에러가 발생하며 로그인이 되지 않습니다.
SR10003,2026-04-18 07:28:00,2026-04-20 01:38:09,HR,3 - Moderate,HR Team,사내 교육 수강 이력 반영 요청,지난주 완료한 직무 교육 수강 확인서를 첨부하오니 교육 이력에 반영해 주시기 바랍니다.
SR10004,2026-02-10 22:27:00,2026-02-11 01:58:17,HR,1 - Critical,Service Desk,재직증명서 국문 및 영문 발급 요청,"은행 제출용 재직증명서 국문 1부, 비자 신청용 영문 1부를 급히 발급 요청합니다."
SR10005,2026-02-25 10:06:00,2026-02-25 11:38:30,Software,2 - High,Service Desk,MS Office 365 로그인 인증 오류,아웃룩과 액셀 실행 시 라이선스 인증 창이 계속 뜨며 정품 인증이 풀리는 현상이 있습니다.
SR10006,2026-04-02 11:38:00,2026-04-02 12:56:21,Network,3 - Moderate,Service Desk,인터넷 연결 끊김 장애,오늘 아침부터 특정 층 전체 인터넷 연결이 끊겼습니다. 급한 업무가 많은데 빠른 확인 부탁드립니다.
SR10007,2026-05-18 03:59:00,2026-05-18 10:25:39,Software,3 - Moderate,Software Support,Git 클라이언트 소스 동기화 에러,로컬 저장소에서 원격 저장소로 push를 할 때 권한 오류 또는 알 수 없는 오류로 실패합니다.
SR10008,2026-03-17 20:39:00,2026-03-17 22:55:17,Access,3 - Moderate,Security Team,보안 서버 접근용 SSH 키 등록,운영 서버 점검을 위해 개발자 공개 SSH 키 등록을 요청합니다.
SR10009,2026-01-12 21:14:00,2026-01-13 04:01:35,Software,3 - Moderate,Software Support,개발 IDE 라이선스 만료 및 갱신,사용 중인 IntelliJ 개발 라이선스가 만료되어 실행이 되지 않습니다. 라이선스 키 갱신 또는 재발급 요청합니다.
SR10010,2026-01-26 12:17:00,2026-01-26 17:35:24,Software,3 - Moderate,Software Support,MS Office 365 로그인 인증 오류,아웃룩과 액셀 실행 시 라이선스 인증 창이 계속 뜨며 정품 인증이 풀리는 현상이 있습니다.
SR10011,2026-04-05 11:13:00,2026-04-05 13:31:47,Access,3 - Moderate,Service Desk,사내 인트라넷 계정 잠금 해제 요청,비밀번호를 5회 잘못 입력하여 사내 포털 계정이 잠겼습니다. 잠금 해제 및 임시 비밀번호 발급 부탁드립니다.
SR10012,2026-02-13 17:46:00,2026-02-14 01:04:35,Software,3 - Moderate,Software Support,데이터베이스 클라이언트 툴 설치 요청,업무를 위해 DBeaver 설치가 필요합니다. 사내 소프트웨어 포털에서 설치가 안 되어 지원 요청합니다.
SR10013,2026-04-08 08:59:00,2026-04-08 15:15:19,Hardware,2 - High,Hardware Support,회의실 빔프로젝터 연결 케이블 파손,대회의실 빔프로젝터에 연결하는 HDMI 케이블 단자가 파손되어 화면 출력이 되지 않습니다. 교체 바랍니다.
SR10014,2026-01-15 07:52:00,2026-01-15 20:06:20,HR,2 - High,HR Team,경조사 휴가 및 경조금 신청,가족 상가로 인한 특별 휴가 신청서와 경조금 지급 신청서류를 제출합니다.
SR10015,2026-03-10 02:13:00,2026-03-10 04:23:06,Network,2 - High,Service Desk,네트워크 스위치 재부팅 요청,개발 서버 대역의 네트워크 연결 상태가 불안정하여 스위치 장비 확인 및 재부팅을 요청합니다.
SR10016,2026-05-08 12:56:00,2026-05-09 04:27:20,HR,3 - Moderate,Service Desk,올해 연차 잔여 일수 확인 요청,포털에 표시되는 잔여 연차 일수와 실제 사용 일수가 상이한 것 같아 정확한 확인을 요청합니다.
SR10017,2026-02-05 07:47:00,2026-02-05 10:50:24,Access,3 - Moderate,Security Team,신규 입사자 시스템 권한 일괄 신청,"다음 주 입사 예정인 신입 사원의 메일, 메신저, 사내 시스템 접근 권한 일괄 생성을 요청합니다."
SR10018,2026-04-20 18:25:00,2026-04-20 23:34:58,HR,1 - Critical,Service Desk,사내 교육 수강 이력 반영 요청,지난주 완료한 직무 교육 수강 확인서를 첨부하오니 교육 이력에 반영해 주시기 바랍니다.
SR10019,2026-05-11 15:05:00,2026-05-11 21:07:25,Software,3 - Moderate,Software Support,MS Office 365 로그인 인증 오류,아웃룩과 액셀 실행 시 라이선스 인증 창이 계속 뜨며 정품 인증이 풀리는 현상이 있습니다.
SR10020,2026-02-10 21:27:00,2026-02-11 02:37:24,Network,3 - Moderate,Network Support,사내 VPN 접속 오류 발생,외부 출장 중에 사내 VPN에 접속하려고 하면 403 에러가 발생하며 로그인이 되지 않습니다.
SR10021,2026-04-08 19:29:00,2026-04-09 14:55:41,HR,2 - High,HR Team,사원증 분실로 인한 재발급 신청,출근 중 사원증을 분실하여 재발급을 요청합니다. 출입 권한 이전도 같이 요청합니다.
SR10022,2026-01-03 21:46:00,2026-01-05 12:13:47,HR,4 - Low,Service Desk,사내 교육 수강 이력 반영 요청,지난주 완료한 직무 교육 수강 확인서를 첨부하오니 교육 이력에 반영해 주시기 바랍니다.
SR10023,2026-01-29 09:27:00,2026-01-29 14:46:44,Network,4 - Low,Service Desk,와이파이 신호 불량 및 속도 저하,회의실 A에서 사내 와이파이 연결이 자주 끊기고 속도가 너무 느려서 회의 진행이 어렵습니다.
SR10024,2026-03-09 16:48:00,2026-03-09 19:47:01,Hardware,2 - High,Service Desk,듀얼 모니터 미인식 문제,모니터를 새로 연결했는데 PC에서 듀얼 모니터 인식이 안 되고 화면이 나오지 않습니다.
SR10025,2026-05-10 19:12:00,2026-05-11 06:45:00,Hardware,3 - Moderate,Hardware Support,마우스 및 키보드 교체 요청,"키보드의 특정 키가 눌린 채로 안 올라오고, 마우스 휠이 정상적으로 작동하지 않아 업무에 지장이 있습니다. 새 장비로 교체 요청합니다."
SR10026,2026-05-19 16:58:00,2026-05-20 04:56:33,Hardware,4 - Low,Service Desk,노트북 전원 불량 및 켜지지 않음,어제 저녁까지 잘 쓰던 노트북이 오늘 아침에 전원 버튼을 눌러도 반응이 없고 충전 표시등도 켜지지 않습니다.
SR10027,2026-01-05 03:59:00,2026-01-05 06:39:17,Network,3 - Moderate,Service Desk,네트워크 스위치 재부팅 요청,개발 서버 대역의 네트워크 연결 상태가 불안정하여 스위치 장비 확인 및 재부팅을 요청합니다.
SR10028,2026-01-15 07:56:00,2026-01-15 10:16:20,Software,2 - High,Service Desk,MS Office 365 로그인 인증 오류,아웃룩과 액셀 실행 시 라이선스 인증 창이 계속 뜨며 정품 인증이 풀리는 현상이 있습니다.
SR10029,2026-05-05 02:48:00,2026-05-06 20:23:40,HR,3 - Moderate,HR Team,재직증명서 국문 및 영문 발급 요청,"은행 제출용 재직증명서 국문 1부, 비자 신청용 영문 1부를 급히 발급 요청합니다."
SR10030,2026-05-02 17:10:00,2026-05-03 21:13:15,HR,3 - Moderate,HR Team,올해 연차 잔여 일수 확인 요청,포털에 표시되는 잔여 연차 일수와 실제 사용 일수가 상이한 것 같아 정확한 확인을 요청합니다.
SR10031,2026-05-19 23:44:00,2026-05-20 01:12:15,Software,2 - High,Service Desk,MS Office 365 로그인 인증 오류,아웃룩과 액셀 실행 시 라이선스 인증 창이 계속 뜨며 정품 인증이 풀리는 현상이 있습니다.
SR10032,2026-04-06 14:57:00,2026-04-07 02:38:07,Hardware,4 - Low,Service Desk,회의실 빔프로젝터 연결 케이블 파손,대회의실 빔프로젝터에 연결하는 HDMI 케이블 단자가 파손되어 화면 출력이 되지 않습니다. 교체 바랍니다.
SR10033,2026-03-05 07:04:00,2026-03-06 00:41:34,HR,2 - High,Service Desk,재직증명서 국문 및 영문 발급 요청,"은행 제출용 재직증명서 국문 1부, 비자 신청용 영문 1부를 급히 발급 요청합니다."
SR10034,2026-05-22 07:37:00,2026-05-22 15:52:42,Software,3 - Moderate,Software Support,데이터베이스 클라이언트 툴 설치 요청,업무를 위해 DBeaver 설치가 필요합니다. 사내 소프트웨어 포털에서 설치가 안 되어 지원 요청합니다.
SR10035,2026-01-16 07:04:00,2026-01-16 19:50:59,Hardware,3 - Moderate,Hardware Support,듀얼 모니터 미인식 문제,모니터를 새로 연결했는데 PC에서 듀얼 모니터 인식이 안 되고 화면이 나오지 않습니다.
SR10036,2026-05-12 07:17:00,2026-05-12 10:37:30,Network,4 - Low,Service Desk,인터넷 연결 끊김 장애,오늘 아침부터 특정 층 전체 인터넷 연결이 끊겼습니다. 급한 업무가 많은데 빠른 확인 부탁드립니다.
SR10037,2026-02-03 23:59:00,2026-02-04 02:21:38,Access,3 - Moderate,Security Team,보안 서버 접근용 SSH 키 등록,운영 서버 점검을 위해 개발자 공개 SSH 키 등록을 요청합니다.
SR10038,2026-05-02 13:12:00,2026-05-03 13:47:00,HR,3 - Moderate,Service Desk,올해 연차 잔여 일수 확인 요청,포털에 표시되는 잔여 연차 일수와 실제 사용 일수가 상이한 것 같아 정확한 확인을 요청합니다.
SR10039,2026-04-01 13:26:00,2026-04-01 18:26:10,Network,3 - Moderate,Network Support,네트워크 스위치 재부팅 요청,개발 서버 대역의 네트워크 연결 상태가 불안정하여 스위치 장비 확인 및 재부팅을 요청합니다.
SR10040,2026-01-16 12:46:00,2026-01-16 15:43:52,Access,3 - Moderate,Security Team,신규 프로젝트 공유 폴더 접근 권한 신청,이번에 신규 생성된 공유 폴더인 'Project_2026'에 대한 읽기/쓰기 권한 부여를 신청합니다.
SR10041,2026-02-19 06:34:00,2026-02-19 09:24:10,Software,2 - High,Software Support,MS Office 365 로그인 인증 오류,아웃룩과 액셀 실행 시 라이선스 인증 창이 계속 뜨며 정품 인증이 풀리는 현상이 있습니다.
SR10042,2026-02-16 08:29:00,2026-02-16 08:59:00,Access,1 - Critical,Security Team,Jira 및 Confluence 프로젝트 관리자 권한 부여,부서 이동으로 인해 특정 Jira 프로젝트의 관리 권한 인계가 필요합니다.
SR10043,2026-05-21 03:03:00,2026-05-21 19:19:35,Hardware,3 - Moderate,Hardware Support,회의실 빔프로젝터 연결 케이블 파손,대회의실 빔프로젝터에 연결하는 HDMI 케이블 단자가 파손되어 화면 출력이 되지 않습니다. 교체 바랍니다.
SR10044,2026-03-02 05:26:00,2026-03-04 11:05:32,HR,4 - Low,HR Team,재직증명서 국문 및 영문 발급 요청,"은행 제출용 재직증명서 국문 1부, 비자 신청용 영문 1부를 급히 발급 요청합니다."
SR10045,2026-04-13 01:10:00,2026-04-13 02:39:48,Access,3 - Moderate,Service Desk,사내 인트라넷 계정 잠금 해제 요청,비밀번호를 5회 잘못 입력하여 사내 포털 계정이 잠겼습니다. 잠금 해제 및 임시 비밀번호 발급 부탁드립니다.
SR10046,2026-03-09 14:18:00,2026-03-09 16:38:10,Access,3 - Moderate,Security Team,Jira 및 Confluence 프로젝트 관리자 권한 부여,부서 이동으로 인해 특정 Jira 프로젝트의 관리 권한 인계가 필요합니다.
SR10047,2026-02-18 09:13:00,2026-02-18 10:05:24,Access,2 - High,Service Desk,사내 인트라넷 계정 잠금 해제 요청,비밀번호를 5회 잘못 입력하여 사내 포털 계정이 잠겼습니다. 잠금 해제 및 임시 비밀번호 발급 부탁드립니다.
SR10048,2026-01-15 01:37:00,2026-01-15 09:07:03,Network,4 - Low,Network Support,와이파이 신호 불량 및 속도 저하,회의실 A에서 사내 와이파이 연결이 자주 끊기고 속도가 너무 느려서 회의 진행이 어렵습니다.
SR10049,2026-05-11 02:54:00,2026-05-11 08:01:54,Access,4 - Low,Security Team,신규 프로젝트 공유 폴더 접근 권한 신청,이번에 신규 생성된 공유 폴더인 'Project_2026'에 대한 읽기/쓰기 권한 부여를 신청합니다.
SR10050,2026-01-18 21:55:00,2026-01-20 05:12:24,Hardware,4 - Low,Hardware Support,PC 메모리 추가 장착 요청,최근 코딩 작업 시 메모리 부족으로 인해 PC 속도가 급격히 느려집니다. 기존 8GB에서 16GB로 업그레이드 요청합니다.
SR10051,2026-05-26 07:37:00,2026-05-26 22:19:57,Hardware,4 - Low,Service Desk,듀얼 모니터 미인식 문제,모니터를 새로 연결했는데 PC에서 듀얼 모니터 인식이 안 되고 화면이 나오지 않습니다.
SR10052,2026-01-21 13:42:00,2026-01-23 01:56:20,HR,3 - Moderate,HR Team,사내 교육 수강 이력 반영 요청,지난주 완료한 직무 교육 수강 확인서를 첨부하오니 교육 이력에 반영해 주시기 바랍니다.
SR10053,2026-02-22 21:45:00,2026-02-23 15:37:32,HR,3 - Moderate,Service Desk,경조사 휴가 및 경조금 신청,가족 상가로 인한 특별 휴가 신청서와 경조금 지급 신청서류를 제출합니다.
SR10054,2026-04-12 04:42:00,2026-04-12 13:26:48,Software,4 - Low,Software Support,신규 백신 프로그램 설치 실패,사내 보안 정책에 따라 백신 프로그램을 설치하려는데 설치 도중 에러가 나면서 롤백됩니다. 설치 지원 요청합니다.
SR10055,2026-01-19 00:29:00,2026-01-19 05:47:55,Software,3 - Moderate,Service Desk,신규 백신 프로그램 설치 실패,사내 보안 정책에 따라 백신 프로그램을 설치하려는데 설치 도중 에러가 나면서 롤백됩니다. 설치 지원 요청합니다.
SR10056,2026-05-18 06:32:00,2026-05-19 03:22:23,HR,2 - High,HR Team,재직증명서 국문 및 영문 발급 요청,"은행 제출용 재직증명서 국문 1부, 비자 신청용 영문 1부를 급히 발급 요청합니다."
SR10057,2026-01-18 07:23:00,2026-01-18 14:42:57,Software,3 - Moderate,Software Support,신규 백신 프로그램 설치 실패,사내 보안 정책에 따라 백신 프로그램을 설치하려는데 설치 도중 에러가 나면서 롤백됩니다. 설치 지원 요청합니다.
SR10058,2026-05-20 22:19:00,2026-05-21 03:23:51,Software,3 - Moderate,Software Support,Git 클라이언트 소스 동기화 에러,로컬 저장소에서 원격 저장소로 push를 할 때 권한 오류 또는 알 수 없는 오류로 실패합니다.
SR10059,2026-03-18 21:06:00,2026-03-21 11:49:49,HR,4 - Low,HR Team,사내 교육 수강 이력 반영 요청,지난주 완료한 직무 교육 수강 확인서를 첨부하오니 교육 이력에 반영해 주시기 바랍니다.
SR10060,2026-01-28 23:35:00,2026-01-29 13:56:59,Hardware,4 - Low,Service Desk,듀얼 모니터 미인식 문제,모니터를 새로 연결했는데 PC에서 듀얼 모니터 인식이 안 되고 화면이 나오지 않습니다.
SR10061,2026-02-23 22:21:00,2026-02-24 04:56:15,Hardware,3 - Moderate,Service Desk,마우스 및 키보드 교체 요청,"키보드의 특정 키가 눌린 채로 안 올라오고, 마우스 휠이 정상적으로 작동하지 않아 업무에 지장이 있습니다. 새 장비로 교체 요청합니다."
SR10062,2026-05-06 08:57:00,2026-05-06 21:40:10,Hardware,3 - Moderate,Service Desk,PC 메모리 추가 장착 요청,최근 코딩 작업 시 메모리 부족으로 인해 PC 속도가 급격히 느려집니다. 기존 8GB에서 16GB로 업그레이드 요청합니다.
SR10063,2026-03-12 01:00:00,2026-03-12 05:32:25,Network,3 - Moderate,Network Support,네트워크 스위치 재부팅 요청,개발 서버 대역의 네트워크 연결 상태가 불안정하여 스위치 장비 확인 및 재부팅을 요청합니다.
SR10064,2026-02-11 23:28:00,2026-02-12 03:39:28,Software,2 - High,Software Support,신규 백신 프로그램 설치 실패,사내 보안 정책에 따라 백신 프로그램을 설치하려는데 설치 도중 에러가 나면서 롤백됩니다. 설치 지원 요청합니다.
SR10065,2026-01-03 03:04:00,2026-01-04 02:48:51,HR,3 - Moderate,Service Desk,사내 교육 수강 이력 반영 요청,지난주 완료한 직무 교육 수강 확인서를 첨부하오니 교육 이력에 반영해 주시기 바랍니다.
SR10066,2026-05-30 17:09:00,2026-05-31 00:57:42,Hardware,2 - High,Hardware Support,마우스 및 키보드 교체 요청,"키보드의 특정 키가 눌린 채로 안 올라오고, 마우스 휠이 정상적으로 작동하지 않아 업무에 지장이 있습니다. 새 장비로 교체 요청합니다."
SR10067,2026-03-20 11:57:00,2026-03-20 15:04:01,Access,3 - Moderate,Security Team,신규 프로젝트 공유 폴더 접근 권한 신청,이번에 신규 생성된 공유 폴더인 'Project_2026'에 대한 읽기/쓰기 권한 부여를 신청합니다.
SR10068,2026-03-05 21:06:00,2026-03-05 23:17:16,Network,3 - Moderate,Service Desk,사내 VPN 접속 오류 발생,외부 출장 중에 사내 VPN에 접속하려고 하면 403 에러가 발생하며 로그인이 되지 않습니다.
SR10069,2026-02-09 07:55:00,2026-02-09 13:24:44,Software,3 - Moderate,Service Desk,데이터베이스 클라이언트 툴 설치 요청,업무를 위해 DBeaver 설치가 필요합니다. 사내 소프트웨어 포털에서 설치가 안 되어 지원 요청합니다.
SR10070,2026-01-07 05:47:00,2026-01-07 22:42:45,Hardware,3 - Moderate,Hardware Support,회의실 빔프로젝터 연결 케이블 파손,대회의실 빔프로젝터에 연결하는 HDMI 케이블 단자가 파손되어 화면 출력이 되지 않습니다. 교체 바랍니다.
SR10071,2026-03-10 05:50:00,2026-03-10 10:40:32,Software,3 - Moderate,Service Desk,MS Office 365 로그인 인증 오류,아웃룩과 액셀 실행 시 라이선스 인증 창이 계속 뜨며 정품 인증이 풀리는 현상이 있습니다.
SR10072,2026-05-01 07:12:00,2026-05-01 08:14:35,Network,2 - High,Service Desk,인터넷 연결 끊김 장애,오늘 아침부터 특정 층 전체 인터넷 연결이 끊겼습니다. 급한 업무가 많은데 빠른 확인 부탁드립니다.
SR10073,2026-02-28 07:01:00,2026-02-28 08:25:00,Access,2 - High,Service Desk,신규 입사자 시스템 권한 일괄 신청,"다음 주 입사 예정인 신입 사원의 메일, 메신저, 사내 시스템 접근 권한 일괄 생성을 요청합니다."
SR10074,2026-03-13 02:49:00,2026-03-13 08:17:18,Hardware,1 - Critical,Service Desk,마우스 및 키보드 교체 요청,"키보드의 특정 키가 눌린 채로 안 올라오고, 마우스 휠이 정상적으로 작동하지 않아 업무에 지장이 있습니다. 새 장비로 교체 요청합니다."
SR10075,2026-04-13 21:53:00,2026-04-13 23:52:10,Software,1 - Critical,Service Desk,데이터베이스 클라이언트 툴 설치 요청,업무를 위해 DBeaver 설치가 필요합니다. 사내 소프트웨어 포털에서 설치가 안 되어 지원 요청합니다.
SR10076,2026-01-30 08:11:00,2026-01-31 12:10:51,HR,3 - Moderate,Service Desk,재직증명서 국문 및 영문 발급 요청,"은행 제출용 재직증명서 국문 1부, 비자 신청용 영문 1부를 급히 발급 요청합니다."
SR10077,2026-01-28 19:27:00,2026-01-29 02:12:25,HR,2 - High,Service Desk,재직증명서 국문 및 영문 발급 요청,"은행 제출용 재직증명서 국문 1부, 비자 신청용 영문 1부를 급히 발급 요청합니다."
SR10078,2026-05-11 03:24:00,2026-05-11 07:41:12,Software,3 - Moderate,Service Desk,Git 클라이언트 소스 동기화 에러,로컬 저장소에서 원격 저장소로 push를 할 때 권한 오류 또는 알 수 없는 오류로 실패합니다.
SR10079,2026-01-12 22:27:00,2026-01-13 12:16:14,HR,2 - High,HR Team,경조사 휴가 및 경조금 신청,가족 상가로 인한 특별 휴가 신청서와 경조금 지급 신청서류를 제출합니다.
SR10080,2026-04-21 02:42:00,2026-04-21 07:17:09,Network,3 - Moderate,Network Support,와이파이 신호 불량 및 속도 저하,회의실 A에서 사내 와이파이 연결이 자주 끊기고 속도가 너무 느려서 회의 진행이 어렵습니다.
SR10081,2026-03-18 16:19:00,2026-03-18 21:49:45,Software,3 - Moderate,Service Desk,개발 IDE 라이선스 만료 및 갱신,사용 중인 IntelliJ 개발 라이선스가 만료되어 실행이 되지 않습니다. 라이선스 키 갱신 또는 재발급 요청합니다.
SR10082,2026-03-17 17:08:00,2026-03-17 19:56:32,Access,4 - Low,Service Desk,Jira 및 Confluence 프로젝트 관리자 권한 부여,부서 이동으로 인해 특정 Jira 프로젝트의 관리 권한 인계가 필요합니다.
SR10083,2026-02-14 19:36:00,2026-02-15 09:46:13,Hardware,3 - Moderate,Service Desk,회의실 빔프로젝터 연결 케이블 파손,대회의실 빔프로젝터에 연결하는 HDMI 케이블 단자가 파손되어 화면 출력이 되지 않습니다. 교체 바랍니다.
SR10084,2026-01-01 09:18:00,2026-01-01 10:24:14,Software,2 - High,Service Desk,데이터베이스 클라이언트 툴 설치 요청,업무를 위해 DBeaver 설치가 필요합니다. 사내 소프트웨어 포털에서 설치가 안 되어 지원 요청합니다.
SR10085,2026-03-24 14:28:00,2026-03-25 05:43:58,Hardware,3 - Moderate,Service Desk,PC 메모리 추가 장착 요청,최근 코딩 작업 시 메모리 부족으로 인해 PC 속도가 급격히 느려집니다. 기존 8GB에서 16GB로 업그레이드 요청합니다.
SR10086,2026-05-02 23:10:00,2026-05-03 01:45:07,Access,3 - Moderate,Security Team,보안 서버 접근용 SSH 키 등록,운영 서버 점검을 위해 개발자 공개 SSH 키 등록을 요청합니다.
SR10087,2026-03-27 02:52:00,2026-03-27 05:53:45,Network,2 - High,Service Desk,방화벽 포트 오픈 신청,신규 개발 시스템 구축을 위해 개발망과 운영망 간의 특정 포트 오픈이 필요합니다.
SR10088,2026-02-20 04:01:00,2026-02-20 09:13:26,Hardware,2 - High,Service Desk,노트북 전원 불량 및 켜지지 않음,어제 저녁까지 잘 쓰던 노트북이 오늘 아침에 전원 버튼을 눌러도 반응이 없고 충전 표시등도 켜지지 않습니다.
SR10089,2026-01-19 14:26:00,2026-01-19 16:08:30,Network,1 - Critical,Network Support,네트워크 스위치 재부팅 요청,개발 서버 대역의 네트워크 연결 상태가 불안정하여 스위치 장비 확인 및 재부팅을 요청합니다.
SR10090,2026-05-07 12:15:00,2026-05-08 03:52:50,HR,2 - High,HR Team,사원증 분실로 인한 재발급 신청,출근 중 사원증을 분실하여 재발급을 요청합니다. 출입 권한 이전도 같이 요청합니다.
SR10091,2026-04-19 07:11:00,2026-04-19 19:23:34,Hardware,3 - Moderate,Hardware Support,듀얼 모니터 미인식 문제,모니터를 새로 연결했는데 PC에서 듀얼 모니터 인식이 안 되고 화면이 나오지 않습니다.
SR10092,2026-05-23 07:58:00,2026-05-24 12:21:50,HR,3 - Moderate,Service Desk,재직증명서 국문 및 영문 발급 요청,"은행 제출용 재직증명서 국문 1부, 비자 신청용 영문 1부를 급히 발급 요청합니다."
SR10093,2026-04-29 21:33:00,2026-04-29 23:39:06,Network,3 - Moderate,Service Desk,사내 VPN 접속 오류 발생,외부 출장 중에 사내 VPN에 접속하려고 하면 403 에러가 발생하며 로그인이 되지 않습니다.
SR10094,2026-05-10 13:53:00,2026-05-11 12:44:02,HR,3 - Moderate,Service Desk,사원증 분실로 인한 재발급 신청,출근 중 사원증을 분실하여 재발급을 요청합니다. 출입 권한 이전도 같이 요청합니다.
SR10095,2026-05-02 14:16:00,2026-05-03 23:37:58,HR,4 - Low,Service Desk,올해 연차 잔여 일수 확인 요청,포털에 표시되는 잔여 연차 일수와 실제 사용 일수가 상이한 것 같아 정확한 확인을 요청합니다.
SR10096,2026-05-05 20:15:00,2026-05-06 06:41:58,Hardware,3 - Moderate,Service Desk,PC 메모리 추가 장착 요청,최근 코딩 작업 시 메모리 부족으로 인해 PC 속도가 급격히 느려집니다. 기존 8GB에서 16GB로 업그레이드 요청합니다.
SR10097,2026-03-15 07:17:00,2026-03-15 12:24:42,Software,3 - Moderate,Service Desk,개발 IDE 라이선스 만료 및 갱신,사용 중인 IntelliJ 개발 라이선스가 만료되어 실행이 되지 않습니다. 라이선스 키 갱신 또는 재발급 요청합니다.
SR10098,2026-01-21 04:09:00,2026-01-21 09:44:26,Software,3 - Moderate,Service Desk,데이터베이스 클라이언트 툴 설치 요청,업무를 위해 DBeaver 설치가 필요합니다. 사내 소프트웨어 포털에서 설치가 안 되어 지원 요청합니다.
SR10099,2026-02-24 02:26:00,2026-02-24 11:36:07,Hardware,3 - Moderate,Service Desk,노트북 전원 불량 및 켜지지 않음,어제 저녁까지 잘 쓰던 노트북이 오늘 아침에 전원 버튼을 눌러도 반응이 없고 충전 표시등도 켜지지 않습니다.
SR10100,2026-04-30 13:03:00,2026-04-30 15:28:13,Access,3 - Moderate,Service Desk,보안 서버 접근용 SSH 키 등록,운영 서버 점검을 위해 개발자 공개 SSH 키 등록을 요청합니다.
SR10101,2026-05-30 22:01:00,2026-05-31 07:47:07,Hardware,3 - Moderate,Service Desk,회의실 빔프로젝터 연결 케이블 파손,대회의실 빔프로젝터에 연결하는 HDMI 케이블 단자가 파손되어 화면 출력이 되지 않습니다. 교체 바랍니다.
SR10102,2026-01-02 11:19:00,2026-01-02 17:41:42,HR,2 - High,Service Desk,사원증 분실로 인한 재발급 신청,출근 중 사원증을 분실하여 재발급을 요청합니다. 출입 권한 이전도 같이 요청합니다.
SR10103,2026-05-20 19:57:00,2026-05-20 20:38:35,Access,1 - Critical,Service Desk,보안 서버 접근용 SSH 키 등록,운영 서버 점검을 위해 개발자 공개 SSH 키 등록을 요청합니다.
SR10104,2026-03-11 13:31:00,2026-03-11 22:53:35,Hardware,3 - Moderate,Service Desk,노트북 전원 불량 및 켜지지 않음,어제 저녁까지 잘 쓰던 노트북이 오늘 아침에 전원 버튼을 눌러도 반응이 없고 충전 표시등도 켜지지 않습니다.
SR10105,2026-04-14 23:10:00,2026-04-15 04:24:39,Network,4 - Low,Service Desk,와이파이 신호 불량 및 속도 저하,회의실 A에서 사내 와이파이 연결이 자주 끊기고 속도가 너무 느려서 회의 진행이 어렵습니다.
SR10106,2026-05-17 00:58:00,2026-05-17 04:25:51,Access,4 - Low,Security Team,보안 서버 접근용 SSH 키 등록,운영 서버 점검을 위해 개발자 공개 SSH 키 등록을 요청합니다.
SR10107,2026-04-20 04:55:00,2026-04-20 08:20:22,Access,3 - Moderate,Security Team,신규 프로젝트 공유 폴더 접근 권한 신청,이번에 신규 생성된 공유 폴더인 'Project_2026'에 대한 읽기/쓰기 권한 부여를 신청합니다.
SR10108,2026-03-08 12:20:00,2026-03-08 16:39:07,Access,4 - Low,Security Team,신규 프로젝트 공유 폴더 접근 권한 신청,이번에 신규 생성된 공유 폴더인 'Project_2026'에 대한 읽기/쓰기 권한 부여를 신청합니다.
SR10109,2026-03-28 12:17:00,2026-03-28 20:57:35,Hardware,3 - Moderate,Service Desk,마우스 및 키보드 교체 요청,"키보드의 특정 키가 눌린 채로 안 올라오고, 마우스 휠이 정상적으로 작동하지 않아 업무에 지장이 있습니다. 새 장비로 교체 요청합니다."
SR10110,2026-05-01 00:47:00,2026-05-01 04:08:56,Access,4 - Low,Service Desk,신규 프로젝트 공유 폴더 접근 권한 신청,이번에 신규 생성된 공유 폴더인 'Project_2026'에 대한 읽기/쓰기 권한 부여를 신청합니다.
SR10111,2026-02-27 20:04:00,2026-02-28 16:48:47,HR,2 - High,HR Team,경조사 휴가 및 경조금 신청,가족 상가로 인한 특별 휴가 신청서와 경조금 지급 신청서류를 제출합니다.
SR10112,2026-02-21 00:39:00,2026-02-21 04:59:51,Network,3 - Moderate,Network Support,사내 VPN 접속 오류 발생,외부 출장 중에 사내 VPN에 접속하려고 하면 403 에러가 발생하며 로그인이 되지 않습니다.
SR10113,2026-05-02 21:07:00,2026-05-03 11:36:32,Hardware,3 - Moderate,Hardware Support,노트북 전원 불량 및 켜지지 않음,어제 저녁까지 잘 쓰던 노트북이 오늘 아침에 전원 버튼을 눌러도 반응이 없고 충전 표시등도 켜지지 않습니다.
SR10114,2026-03-07 11:10:00,2026-03-08 13:31:41,HR,3 - Moderate,HR Team,사원증 분실로 인한 재발급 신청,출근 중 사원증을 분실하여 재발급을 요청합니다. 출입 권한 이전도 같이 요청합니다.
SR10115,2026-03-21 03:37:00,2026-03-22 13:23:30,HR,3 - Moderate,HR Team,올해 연차 잔여 일수 확인 요청,포털에 표시되는 잔여 연차 일수와 실제 사용 일수가 상이한 것 같아 정확한 확인을 요청합니다.
SR10116,2026-04-07 12:45:00,2026-04-07 19:13:38,Network,4 - Low,Service Desk,방화벽 포트 오픈 신청,신규 개발 시스템 구축을 위해 개발망과 운영망 간의 특정 포트 오픈이 필요합니다.
SR10117,2026-03-04 03:44:00,2026-03-05 08:24:54,Hardware,4 - Low,Hardware Support,PC 메모리 추가 장착 요청,최근 코딩 작업 시 메모리 부족으로 인해 PC 속도가 급격히 느려집니다. 기존 8GB에서 16GB로 업그레이드 요청합니다.
SR10118,2026-01-11 11:34:00,2026-01-11 20:03:37,Software,3 - Moderate,Software Support,데이터베이스 클라이언트 툴 설치 요청,업무를 위해 DBeaver 설치가 필요합니다. 사내 소프트웨어 포털에서 설치가 안 되어 지원 요청합니다.
SR10119,2026-05-10 20:21:00,2026-05-10 22:25:58,Access,3 - Moderate,Service Desk,신규 프로젝트 공유 폴더 접근 권한 신청,이번에 신규 생성된 공유 폴더인 'Project_2026'에 대한 읽기/쓰기 권한 부여를 신청합니다.
SR10120,2026-01-28 13:23:00,2026-01-28 16:43:21,Network,3 - Moderate,Service Desk,네트워크 스위치 재부팅 요청,개발 서버 대역의 네트워크 연결 상태가 불안정하여 스위치 장비 확인 및 재부팅을 요청합니다.
SR10121,2026-02-15 23:33:00,2026-02-16 02:00:10,Access,3 - Moderate,Security Team,Jira 및 Confluence 프로젝트 관리자 권한 부여,부서 이동으로 인해 특정 Jira 프로젝트의 관리 권한 인계가 필요합니다.
SR10122,2026-04-22 23:37:00,2026-04-23 03:34:31,Software,3 - Moderate,Service Desk,Git 클라이언트 소스 동기화 에러,로컬 저장소에서 원격 저장소로 push를 할 때 권한 오류 또는 알 수 없는 오류로 실패합니다.
SR10123,2026-01-23 08:56:00,2026-01-23 09:20:00,Software,1 - Critical,Service Desk,MS Office 365 로그인 인증 오류,아웃룩과 액셀 실행 시 라이선스 인증 창이 계속 뜨며 정품 인증이 풀리는 현상이 있습니다.
SR10124,2026-05-26 19:42:00,2026-05-26 21:33:48,Access,3 - Moderate,Security Team,Jira 및 Confluence 프로젝트 관리자 권한 부여,부서 이동으로 인해 특정 Jira 프로젝트의 관리 권한 인계가 필요합니다.
SR10125,2026-05-07 10:11:00,2026-05-07 12:24:09,Access,3 - Moderate,Service Desk,신규 프로젝트 공유 폴더 접근 권한 신청,이번에 신규 생성된 공유 폴더인 'Project_2026'에 대한 읽기/쓰기 권한 부여를 신청합니다.
SR10126,2026-03-08 10:17:00,2026-03-08 10:56:00,Access,1 - Critical,Security Team,신규 입사자 시스템 권한 일괄 신청,"다음 주 입사 예정인 신입 사원의 메일, 메신저, 사내 시스템 접근 권한 일괄 생성을 요청합니다."
SR10127,2026-01-03 16:12:00,2026-01-04 15:35:34,HR,3 - Moderate,Service Desk,사내 교육 수강 이력 반영 요청,지난주 완료한 직무 교육 수강 확인서를 첨부하오니 교육 이력에 반영해 주시기 바랍니다.
SR10128,2026-05-06 17:48:00,2026-05-06 22:55:47,Network,3 - Moderate,Network Support,네트워크 스위치 재부팅 요청,개발 서버 대역의 네트워크 연결 상태가 불안정하여 스위치 장비 확인 및 재부팅을 요청합니다.
SR10129,2026-04-25 00:05:00,2026-04-25 02:35:44,Hardware,2 - High,Service Desk,회의실 빔프로젝터 연결 케이블 파손,대회의실 빔프로젝터에 연결하는 HDMI 케이블 단자가 파손되어 화면 출력이 되지 않습니다. 교체 바랍니다.
SR10130,2026-03-04 09:42:00,2026-03-04 14:18:00,Software,2 - High,Software Support,Git 클라이언트 소스 동기화 에러,로컬 저장소에서 원격 저장소로 push를 할 때 권한 오류 또는 알 수 없는 오류로 실패합니다.
SR10131,2026-05-22 16:22:00,2026-05-23 19:14:11,HR,3 - Moderate,Service Desk,사원증 분실로 인한 재발급 신청,출근 중 사원증을 분실하여 재발급을 요청합니다. 출입 권한 이전도 같이 요청합니다.
SR10132,2026-04-27 08:19:00,2026-04-27 10:24:09,Access,3 - Moderate,Service Desk,신규 입사자 시스템 권한 일괄 신청,"다음 주 입사 예정인 신입 사원의 메일, 메신저, 사내 시스템 접근 권한 일괄 생성을 요청합니다."
SR10133,2026-02-19 10:07:00,2026-02-19 18:01:06,Software,3 - Moderate,Software Support,개발 IDE 라이선스 만료 및 갱신,사용 중인 IntelliJ 개발 라이선스가 만료되어 실행이 되지 않습니다. 라이선스 키 갱신 또는 재발급 요청합니다.
SR10134,2026-02-25 23:30:00,2026-02-27 02:41:59,HR,3 - Moderate,HR Team,올해 연차 잔여 일수 확인 요청,포털에 표시되는 잔여 연차 일수와 실제 사용 일수가 상이한 것 같아 정확한 확인을 요청합니다.
SR10135,2026-02-19 09:14:00,2026-02-19 10:10:01,Software,2 - High,Service Desk,개발 IDE 라이선스 만료 및 갱신,사용 중인 IntelliJ 개발 라이선스가 만료되어 실행이 되지 않습니다. 라이선스 키 갱신 또는 재발급 요청합니다.
SR10136,2026-01-04 22:34:00,2026-01-04 23:42:58,Software,1 - Critical,Software Support,신규 백신 프로그램 설치 실패,사내 보안 정책에 따라 백신 프로그램을 설치하려는데 설치 도중 에러가 나면서 롤백됩니다. 설치 지원 요청합니다.
SR10137,2026-01-14 17:18:00,2026-01-15 01:05:25,Hardware,2 - High,Service Desk,듀얼 모니터 미인식 문제,모니터를 새로 연결했는데 PC에서 듀얼 모니터 인식이 안 되고 화면이 나오지 않습니다.
SR10138,2026-01-04 18:18:00,2026-01-04 23:40:19,Hardware,2 - High,Service Desk,듀얼 모니터 미인식 문제,모니터를 새로 연결했는데 PC에서 듀얼 모니터 인식이 안 되고 화면이 나오지 않습니다.
SR10139,2026-03-29 05:03:00,2026-03-29 06:09:58,Access,3 - Moderate,Service Desk,Jira 및 Confluence 프로젝트 관리자 권한 부여,부서 이동으로 인해 특정 Jira 프로젝트의 관리 권한 인계가 필요합니다.
SR10140,2026-01-17 12:31:00,2026-01-17 17:51:42,Software,3 - Moderate,Service Desk,개발 IDE 라이선스 만료 및 갱신,사용 중인 IntelliJ 개발 라이선스가 만료되어 실행이 되지 않습니다. 라이선스 키 갱신 또는 재발급 요청합니다.
SR10141,2026-02-08 18:19:00,2026-02-08 22:56:57,Network,3 - Moderate,Network Support,사내 VPN 접속 오류 발생,외부 출장 중에 사내 VPN에 접속하려고 하면 403 에러가 발생하며 로그인이 되지 않습니다.
SR10142,2026-05-23 13:38:00,2026-05-23 17:07:21,Network,3 - Moderate,Network Support,인터넷 연결 끊김 장애,오늘 아침부터 특정 층 전체 인터넷 연결이 끊겼습니다. 급한 업무가 많은데 빠른 확인 부탁드립니다.
SR10143,2026-04-08 14:58:00,2026-04-09 22:24:59,HR,3 - Moderate,HR Team,사내 교육 수강 이력 반영 요청,지난주 완료한 직무 교육 수강 확인서를 첨부하오니 교육 이력에 반영해 주시기 바랍니다.
SR10144,2026-04-20 09:36:00,2026-04-20 10:06:00,Access,1 - Critical,Service Desk,보안 서버 접근용 SSH 키 등록,운영 서버 점검을 위해 개발자 공개 SSH 키 등록을 요청합니다.
SR10145,2026-01-26 06:40:00,2026-01-27 10:08:51,HR,2 - High,HR Team,사내 교육 수강 이력 반영 요청,지난주 완료한 직무 교육 수강 확인서를 첨부하오니 교육 이력에 반영해 주시기 바랍니다.
SR10146,2026-02-10 07:11:00,2026-02-10 14:27:08,Hardware,3 - Moderate,Service Desk,듀얼 모니터 미인식 문제,모니터를 새로 연결했는데 PC에서 듀얼 모니터 인식이 안 되고 화면이 나오지 않습니다.
SR10147,2026-01-01 13:28:00,2026-01-02 17:53:17,HR,3 - Moderate,HR Team,올해 연차 잔여 일수 확인 요청,포털에 표시되는 잔여 연차 일수와 실제 사용 일수가 상이한 것 같아 정확한 확인을 요청합니다.
SR10148,2026-01-09 07:18:00,2026-01-10 08:03:18,HR,3 - Moderate,Service Desk,경조사 휴가 및 경조금 신청,가족 상가로 인한 특별 휴가 신청서와 경조금 지급 신청서류를 제출합니다.
SR10149,2026-03-01 08:50:00,2026-03-01 11:19:11,Software,1 - Critical,Service Desk,개발 IDE 라이선스 만료 및 갱신,사용 중인 IntelliJ 개발 라이선스가 만료되어 실행이 되지 않습니다. 라이선스 키 갱신 또는 재발급 요청합니다.
SR10150,2026-01-30 17:14:00,2026-01-31 23:24:15,HR,3 - Moderate,HR Team,사원증 분실로 인한 재발급 신청,출근 중 사원증을 분실하여 재발급을 요청합니다. 출입 권한 이전도 같이 요청합니다.
SR10151,2026-01-19 01:10:00,2026-01-19 19:47:35,Hardware,4 - Low,Service Desk,노트북 전원 불량 및 켜지지 않음,어제 저녁까지 잘 쓰던 노트북이 오늘 아침에 전원 버튼을 눌러도 반응이 없고 충전 표시등도 켜지지 않습니다.
SR10152,2026-02-01 14:44:00,2026-02-01 18:25:39,Software,3 - Moderate,Service Desk,Git 클라이언트 소스 동기화 에러,로컬 저장소에서 원격 저장소로 push를 할 때 권한 오류 또는 알 수 없는 오류로 실패합니다.
SR10153,2026-05-09 17:31:00,2026-05-09 22:33:56,Software,3 - Moderate,Service Desk,신규 백신 프로그램 설치 실패,사내 보안 정책에 따라 백신 프로그램을 설치하려는데 설치 도중 에러가 나면서 롤백됩니다. 설치 지원 요청합니다.
SR10154,2026-01-11 13:47:00,2026-01-11 16:48:50,Access,4 - Low,Security Team,보안 서버 접근용 SSH 키 등록,운영 서버 점검을 위해 개발자 공개 SSH 키 등록을 요청합니다.
SR10155,2026-01-24 07:43:00,2026-01-24 13:54:26,Software,3 - Moderate,Service Desk,개발 IDE 라이선스 만료 및 갱신,사용 중인 IntelliJ 개발 라이선스가 만료되어 실행이 되지 않습니다. 라이선스 키 갱신 또는 재발급 요청합니다.
SR10156,2026-05-28 01:48:00,2026-05-29 09:04:21,HR,3 - Moderate,HR Team,경조사 휴가 및 경조금 신청,가족 상가로 인한 특별 휴가 신청서와 경조금 지급 신청서류를 제출합니다.
SR10157,2026-04-24 08:11:00,2026-04-24 20:49:45,Hardware,3 - Moderate,Service Desk,PC 메모리 추가 장착 요청,최근 코딩 작업 시 메모리 부족으로 인해 PC 속도가 급격히 느려집니다. 기존 8GB에서 16GB로 업그레이드 요청합니다.
SR10158,2026-01-24 15:22:00,2026-01-25 19:29:50,HR,4 - Low,Service Desk,사원증 분실로 인한 재발급 신청,출근 중 사원증을 분실하여 재발급을 요청합니다. 출입 권한 이전도 같이 요청합니다.
SR10159,2026-01-27 05:21:00,2026-01-27 07:30:39,Access,3 - Moderate,Service Desk,신규 입사자 시스템 권한 일괄 신청,"다음 주 입사 예정인 신입 사원의 메일, 메신저, 사내 시스템 접근 권한 일괄 생성을 요청합니다."
SR10160,2026-04-13 17:02:00,2026-04-13 19:54:38,Access,4 - Low,Service Desk,신규 입사자 시스템 권한 일괄 신청,"다음 주 입사 예정인 신입 사원의 메일, 메신저, 사내 시스템 접근 권한 일괄 생성을 요청합니다."
SR10161,2026-03-06 10:07:00,2026-03-06 13:05:52,Access,3 - Moderate,Security Team,신규 입사자 시스템 권한 일괄 신청,"다음 주 입사 예정인 신입 사원의 메일, 메신저, 사내 시스템 접근 권한 일괄 생성을 요청합니다."
SR10162,2026-04-29 13:03:00,2026-04-29 15:33:30,Access,3 - Moderate,Security Team,보안 서버 접근용 SSH 키 등록,운영 서버 점검을 위해 개발자 공개 SSH 키 등록을 요청합니다.
SR10163,2026-05-08 20:28:00,2026-05-09 16:32:48,Hardware,4 - Low,Service Desk,PC 메모리 추가 장착 요청,최근 코딩 작업 시 메모리 부족으로 인해 PC 속도가 급격히 느려집니다. 기존 8GB에서 16GB로 업그레이드 요청합니다.
SR10164,2026-05-21 04:59:00,2026-05-21 10:06:51,Network,3 - Moderate,Network Support,와이파이 신호 불량 및 속도 저하,회의실 A에서 사내 와이파이 연결이 자주 끊기고 속도가 너무 느려서 회의 진행이 어렵습니다.
SR10165,2026-02-01 00:40:00,2026-02-01 05:54:55,Software,4 - Low,Service Desk,Git 클라이언트 소스 동기화 에러,로컬 저장소에서 원격 저장소로 push를 할 때 권한 오류 또는 알 수 없는 오류로 실패합니다.
SR10166,2026-03-21 17:00:00,2026-03-23 05:45:51,HR,4 - Low,HR Team,올해 연차 잔여 일수 확인 요청,포털에 표시되는 잔여 연차 일수와 실제 사용 일수가 상이한 것 같아 정확한 확인을 요청합니다.
SR10167,2026-02-27 03:29:00,2026-02-27 22:43:51,HR,3 - Moderate,Service Desk,재직증명서 국문 및 영문 발급 요청,"은행 제출용 재직증명서 국문 1부, 비자 신청용 영문 1부를 급히 발급 요청합니다."
SR10168,2026-03-16 16:45:00,2026-03-16 22:28:54,Network,3 - Moderate,Network Support,네트워크 스위치 재부팅 요청,개발 서버 대역의 네트워크 연결 상태가 불안정하여 스위치 장비 확인 및 재부팅을 요청합니다.
SR10169,2026-05-01 07:29:00,2026-05-01 11:00:24,Software,3 - Moderate,Service Desk,Git 클라이언트 소스 동기화 에러,로컬 저장소에서 원격 저장소로 push를 할 때 권한 오류 또는 알 수 없는 오류로 실패합니다.
SR10170,2026-02-18 19:32:00,2026-02-19 10:33:17,HR,2 - High,HR Team,사원증 분실로 인한 재발급 신청,출근 중 사원증을 분실하여 재발급을 요청합니다. 출입 권한 이전도 같이 요청합니다.
SR10171,2026-04-17 10:59:00,2026-04-18 10:15:32,Hardware,4 - Low,Hardware Support,마우스 및 키보드 교체 요청,"키보드의 특정 키가 눌린 채로 안 올라오고, 마우스 휠이 정상적으로 작동하지 않아 업무에 지장이 있습니다. 새 장비로 교체 요청합니다."
SR10172,2026-03-14 23:19:00,2026-03-15 23:09:25,HR,3 - Moderate,Service Desk,재직증명서 국문 및 영문 발급 요청,"은행 제출용 재직증명서 국문 1부, 비자 신청용 영문 1부를 급히 발급 요청합니다."
SR10173,2026-04-25 17:30:00,2026-04-26 01:22:27,HR,1 - Critical,Service Desk,올해 연차 잔여 일수 확인 요청,포털에 표시되는 잔여 연차 일수와 실제 사용 일수가 상이한 것 같아 정확한 확인을 요청합니다.
SR10174,2026-05-20 12:29:00,2026-05-20 19:26:21,Software,4 - Low,Service Desk,데이터베이스 클라이언트 툴 설치 요청,업무를 위해 DBeaver 설치가 필요합니다. 사내 소프트웨어 포털에서 설치가 안 되어 지원 요청합니다.
SR10175,2026-05-27 12:14:00,2026-05-27 20:25:54,Software,4 - Low,Software Support,MS Office 365 로그인 인증 오류,아웃룩과 액셀 실행 시 라이선스 인증 창이 계속 뜨며 정품 인증이 풀리는 현상이 있습니다.
SR10176,2026-05-02 22:58:00,2026-05-03 04:23:32,Access,4 - Low,Security Team,신규 입사자 시스템 권한 일괄 신청,"다음 주 입사 예정인 신입 사원의 메일, 메신저, 사내 시스템 접근 권한 일괄 생성을 요청합니다."
SR10177,2026-05-07 01:08:00,2026-05-07 03:37:43,Access,3 - Moderate,Service Desk,사내 인트라넷 계정 잠금 해제 요청,비밀번호를 5회 잘못 입력하여 사내 포털 계정이 잠겼습니다. 잠금 해제 및 임시 비밀번호 발급 부탁드립니다.
SR10178,2026-04-23 03:33:00,2026-04-24 10:08:56,HR,3 - Moderate,Service Desk,재직증명서 국문 및 영문 발급 요청,"은행 제출용 재직증명서 국문 1부, 비자 신청용 영문 1부를 급히 발급 요청합니다."
SR10179,2026-04-15 20:09:00,2026-04-15 22:48:11,Access,3 - Moderate,Security Team,사내 인트라넷 계정 잠금 해제 요청,비밀번호를 5회 잘못 입력하여 사내 포털 계정이 잠겼습니다. 잠금 해제 및 임시 비밀번호 발급 부탁드립니다.
SR10180,2026-03-28 19:44:00,2026-03-28 22:30:49,Network,3 - Moderate,Service Desk,와이파이 신호 불량 및 속도 저하,회의실 A에서 사내 와이파이 연결이 자주 끊기고 속도가 너무 느려서 회의 진행이 어렵습니다.
SR10181,2026-05-17 12:20:00,2026-05-17 15:26:59,Access,3 - Moderate,Security Team,신규 입사자 시스템 권한 일괄 신청,"다음 주 입사 예정인 신입 사원의 메일, 메신저, 사내 시스템 접근 권한 일괄 생성을 요청합니다."
SR10182,2026-01-18 07:40:00,2026-01-18 09:58:26,Access,3 - Moderate,Security Team,보안 서버 접근용 SSH 키 등록,운영 서버 점검을 위해 개발자 공개 SSH 키 등록을 요청합니다.
SR10183,2026-04-22 03:48:00,2026-04-22 08:17:46,Software,2 - High,Software Support,개발 IDE 라이선스 만료 및 갱신,사용 중인 IntelliJ 개발 라이선스가 만료되어 실행이 되지 않습니다. 라이선스 키 갱신 또는 재발급 요청합니다.
SR10184,2026-03-18 00:02:00,2026-03-18 01:36:28,Network,2 - High,Service Desk,사내 VPN 접속 오류 발생,외부 출장 중에 사내 VPN에 접속하려고 하면 403 에러가 발생하며 로그인이 되지 않습니다.
SR10185,2026-04-02 11:27:00,2026-04-02 16:27:53,Software,2 - High,Software Support,신규 백신 프로그램 설치 실패,사내 보안 정책에 따라 백신 프로그램을 설치하려는데 설치 도중 에러가 나면서 롤백됩니다. 설치 지원 요청합니다.
SR10186,2026-04-16 18:43:00,2026-04-17 03:03:45,Hardware,2 - High,Hardware Support,PC 메모리 추가 장착 요청,최근 코딩 작업 시 메모리 부족으로 인해 PC 속도가 급격히 느려집니다. 기존 8GB에서 16GB로 업그레이드 요청합니다.
SR10187,2026-01-21 19:55:00,2026-01-22 17:53:00,Hardware,4 - Low,Hardware Support,노트북 전원 불량 및 켜지지 않음,어제 저녁까지 잘 쓰던 노트북이 오늘 아침에 전원 버튼을 눌러도 반응이 없고 충전 표시등도 켜지지 않습니다.
SR10188,2026-05-30 04:14:00,2026-05-30 06:58:46,Access,3 - Moderate,Security Team,Jira 및 Confluence 프로젝트 관리자 권한 부여,부서 이동으로 인해 특정 Jira 프로젝트의 관리 권한 인계가 필요합니다.
SR10189,2026-03-07 21:00:00,2026-03-07 23:15:24,Access,4 - Low,Service Desk,Jira 및 Confluence 프로젝트 관리자 권한 부여,부서 이동으로 인해 특정 Jira 프로젝트의 관리 권한 인계가 필요합니다.
SR10190,2026-02-10 02:28:00,2026-02-10 04:40:02,Access,4 - Low,Service Desk,보안 서버 접근용 SSH 키 등록,운영 서버 점검을 위해 개발자 공개 SSH 키 등록을 요청합니다.
SR10191,2026-03-06 14:54:00,2026-03-06 17:47:57,Software,2 - High,Service Desk,Git 클라이언트 소스 동기화 에러,로컬 저장소에서 원격 저장소로 push를 할 때 권한 오류 또는 알 수 없는 오류로 실패합니다.
SR10192,2026-05-04 03:15:00,2026-05-04 07:32:35,Software,3 - Moderate,Software Support,Git 클라이언트 소스 동기화 에러,로컬 저장소에서 원격 저장소로 push를 할 때 권한 오류 또는 알 수 없는 오류로 실패합니다.
SR10193,2026-03-17 22:18:00,2026-03-18 01:10:15,Access,4 - Low,Service Desk,보안 서버 접근용 SSH 키 등록,운영 서버 점검을 위해 개발자 공개 SSH 키 등록을 요청합니다.
SR10194,2026-01-03 18:55:00,2026-01-03 20:20:06,Network,2 - High,Service Desk,와이파이 신호 불량 및 속도 저하,회의실 A에서 사내 와이파이 연결이 자주 끊기고 속도가 너무 느려서 회의 진행이 어렵습니다.
SR10195,2026-02-28 19:51:00,2026-02-28 23:02:50,Network,3 - Moderate,Service Desk,와이파이 신호 불량 및 속도 저하,회의실 A에서 사내 와이파이 연결이 자주 끊기고 속도가 너무 느려서 회의 진행이 어렵습니다.
SR10196,2026-03-06 21:48:00,2026-03-07 01:35:42,Software,2 - High,Software Support,MS Office 365 로그인 인증 오류,아웃룩과 액셀 실행 시 라이선스 인증 창이 계속 뜨며 정품 인증이 풀리는 현상이 있습니다.
SR10197,2026-03-21 14:02:00,2026-03-22 05:49:15,Hardware,3 - Moderate,Hardware Support,듀얼 모니터 미인식 문제,모니터를 새로 연결했는데 PC에서 듀얼 모니터 인식이 안 되고 화면이 나오지 않습니다.
SR10198,2026-01-24 09:20:00,2026-01-25 08:55:44,HR,4 - Low,Service Desk,올해 연차 잔여 일수 확인 요청,포털에 표시되는 잔여 연차 일수와 실제 사용 일수가 상이한 것 같아 정확한 확인을 요청합니다.
SR10199,2026-02-03 17:56:00,2026-02-03 22:17:02,Access,4 - Low,Security Team,사내 인트라넷 계정 잠금 해제 요청,비밀번호를 5회 잘못 입력하여 사내 포털 계정이 잠겼습니다. 잠금 해제 및 임시 비밀번호 발급 부탁드립니다.
SR10200,2026-03-07 15:51:00,2026-03-07 19:44:24,Software,3 - Moderate,Service Desk,MS Office 365 로그인 인증 오류,아웃룩과 액셀 실행 시 라이선스 인증 창이 계속 뜨며 정품 인증이 풀리는 현상이 있습니다.
SR10201,2026-04-30 02:09:00,2026-04-30 10:33:30,Software,4 - Low,Service Desk,개발 IDE 라이선스 만료 및 갱신,사용 중인 IntelliJ 개발 라이선스가 만료되어 실행이 되지 않습니다. 라이선스 키 갱신 또는 재발급 요청합니다.
SR10202,2026-04-04 02:50:00,2026-04-04 10:10:53,Hardware,2 - High,Service Desk,PC 메모리 추가 장착 요청,최근 코딩 작업 시 메모리 부족으로 인해 PC 속도가 급격히 느려집니다. 기존 8GB에서 16GB로 업그레이드 요청합니다.
SR10203,2026-05-18 03:29:00,2026-05-18 06:37:28,Access,3 - Moderate,Security Team,신규 입사자 시스템 권한 일괄 신청,"다음 주 입사 예정인 신입 사원의 메일, 메신저, 사내 시스템 접근 권한 일괄 생성을 요청합니다."
SR10204,2026-04-08 20:23:00,2026-04-09 00:47:40,Software,3 - Moderate,Service Desk,데이터베이스 클라이언트 툴 설치 요청,업무를 위해 DBeaver 설치가 필요합니다. 사내 소프트웨어 포털에서 설치가 안 되어 지원 요청합니다.
SR10205,2026-01-07 19:56:00,2026-01-08 01:50:57,Network,3 - Moderate,Network Support,네트워크 스위치 재부팅 요청,개발 서버 대역의 네트워크 연결 상태가 불안정하여 스위치 장비 확인 및 재부팅을 요청합니다.
SR10206,2026-02-26 20:04:00,2026-02-27 20:30:27,HR,3 - Moderate,Service Desk,사내 교육 수강 이력 반영 요청,지난주 완료한 직무 교육 수강 확인서를 첨부하오니 교육 이력에 반영해 주시기 바랍니다.
SR10207,2026-01-30 04:02:00,2026-01-30 05:55:34,Access,3 - Moderate,Service Desk,Jira 및 Confluence 프로젝트 관리자 권한 부여,부서 이동으로 인해 특정 Jira 프로젝트의 관리 권한 인계가 필요합니다.
SR10208,2026-01-30 03:15:00,2026-01-30 06:21:19,Network,3 - Moderate,Service Desk,네트워크 스위치 재부팅 요청,개발 서버 대역의 네트워크 연결 상태가 불안정하여 스위치 장비 확인 및 재부팅을 요청합니다.
SR10209,2026-04-27 11:42:00,2026-04-28 12:34:43,HR,3 - Moderate,HR Team,사원증 분실로 인한 재발급 신청,출근 중 사원증을 분실하여 재발급을 요청합니다. 출입 권한 이전도 같이 요청합니다.
SR10210,2026-02-09 13:41:00,2026-02-10 05:41:30,HR,3 - Moderate,Service Desk,사내 교육 수강 이력 반영 요청,지난주 완료한 직무 교육 수강 확인서를 첨부하오니 교육 이력에 반영해 주시기 바랍니다.
SR10211,2026-04-15 08:02:00,2026-04-15 14:33:21,Network,4 - Low,Service Desk,방화벽 포트 오픈 신청,신규 개발 시스템 구축을 위해 개발망과 운영망 간의 특정 포트 오픈이 필요합니다.
SR10212,2026-04-24 07:54:00,2026-04-24 14:11:39,Software,3 - Moderate,Software Support,Git 클라이언트 소스 동기화 에러,로컬 저장소에서 원격 저장소로 push를 할 때 권한 오류 또는 알 수 없는 오류로 실패합니다.
SR10213,2026-05-20 20:22:00,2026-05-21 05:14:12,Software,3 - Moderate,Software Support,신규 백신 프로그램 설치 실패,사내 보안 정책에 따라 백신 프로그램을 설치하려는데 설치 도중 에러가 나면서 롤백됩니다. 설치 지원 요청합니다.
SR10214,2026-02-18 03:54:00,2026-02-18 08:39:20,Network,4 - Low,Service Desk,와이파이 신호 불량 및 속도 저하,회의실 A에서 사내 와이파이 연결이 자주 끊기고 속도가 너무 느려서 회의 진행이 어렵습니다.
SR10215,2026-01-06 01:50:00,2026-01-06 06:24:11,Access,4 - Low,Security Team,사내 인트라넷 계정 잠금 해제 요청,비밀번호를 5회 잘못 입력하여 사내 포털 계정이 잠겼습니다. 잠금 해제 및 임시 비밀번호 발급 부탁드립니다.
SR10216,2026-05-25 06:04:00,2026-05-25 14:55:09,Software,4 - Low,Software Support,MS Office 365 로그인 인증 오류,아웃룩과 액셀 실행 시 라이선스 인증 창이 계속 뜨며 정품 인증이 풀리는 현상이 있습니다.
SR10217,2026-02-25 07:21:00,2026-02-26 15:39:15,HR,3 - Moderate,HR Team,사내 교육 수강 이력 반영 요청,지난주 완료한 직무 교육 수강 확인서를 첨부하오니 교육 이력에 반영해 주시기 바랍니다.
SR10218,2026-02-07 04:34:00,2026-02-08 02:39:46,Hardware,4 - Low,Hardware Support,마우스 및 키보드 교체 요청,"키보드의 특정 키가 눌린 채로 안 올라오고, 마우스 휠이 정상적으로 작동하지 않아 업무에 지장이 있습니다. 새 장비로 교체 요청합니다."
SR10219,2026-01-07 04:00:00,2026-01-07 11:44:55,Software,3 - Moderate,Software Support,개발 IDE 라이선스 만료 및 갱신,사용 중인 IntelliJ 개발 라이선스가 만료되어 실행이 되지 않습니다. 라이선스 키 갱신 또는 재발급 요청합니다.
SR10220,2026-03-24 00:11:00,2026-03-24 07:17:08,Software,3 - Moderate,Software Support,데이터베이스 클라이언트 툴 설치 요청,업무를 위해 DBeaver 설치가 필요합니다. 사내 소프트웨어 포털에서 설치가 안 되어 지원 요청합니다.
SR10221,2026-04-18 16:07:00,2026-04-19 00:43:00,Software,4 - Low,Software Support,MS Office 365 로그인 인증 오류,아웃룩과 액셀 실행 시 라이선스 인증 창이 계속 뜨며 정품 인증이 풀리는 현상이 있습니다.
SR10222,2026-04-03 16:37:00,2026-04-03 22:19:35,Network,4 - Low,Service Desk,네트워크 스위치 재부팅 요청,개발 서버 대역의 네트워크 연결 상태가 불안정하여 스위치 장비 확인 및 재부팅을 요청합니다.
SR10223,2026-02-26 19:02:00,2026-02-27 01:31:01,Network,4 - Low,Service Desk,방화벽 포트 오픈 신청,신규 개발 시스템 구축을 위해 개발망과 운영망 간의 특정 포트 오픈이 필요합니다.
SR10224,2026-01-08 01:30:00,2026-01-09 06:16:48,HR,4 - Low,Service Desk,사원증 분실로 인한 재발급 신청,출근 중 사원증을 분실하여 재발급을 요청합니다. 출입 권한 이전도 같이 요청합니다.
SR10225,2026-05-06 22:58:00,2026-05-06 23:37:00,Access,2 - High,Service Desk,신규 프로젝트 공유 폴더 접근 권한 신청,이번에 신규 생성된 공유 폴더인 'Project_2026'에 대한 읽기/쓰기 권한 부여를 신청합니다.
SR10226,2026-03-24 19:09:00,2026-03-24 23:17:46,Access,4 - Low,Security Team,신규 프로젝트 공유 폴더 접근 권한 신청,이번에 신규 생성된 공유 폴더인 'Project_2026'에 대한 읽기/쓰기 권한 부여를 신청합니다.
SR10227,2026-05-30 17:45:00,2026-05-30 22:52:16,Network,3 - Moderate,Network Support,와이파이 신호 불량 및 속도 저하,회의실 A에서 사내 와이파이 연결이 자주 끊기고 속도가 너무 느려서 회의 진행이 어렵습니다.
SR10228,2026-05-16 09:29:00,2026-05-16 13:32:17,Software,3 - Moderate,Service Desk,데이터베이스 클라이언트 툴 설치 요청,업무를 위해 DBeaver 설치가 필요합니다. 사내 소프트웨어 포털에서 설치가 안 되어 지원 요청합니다.
SR10229,2026-01-30 20:41:00,2026-01-31 20:13:16,HR,3 - Moderate,Service Desk,재직증명서 국문 및 영문 발급 요청,"은행 제출용 재직증명서 국문 1부, 비자 신청용 영문 1부를 급히 발급 요청합니다."
SR10230,2026-04-26 07:26:00,2026-04-27 13:48:55,HR,3 - Moderate,HR Team,사원증 분실로 인한 재발급 신청,출근 중 사원증을 분실하여 재발급을 요청합니다. 출입 권한 이전도 같이 요청합니다.
SR10231,2026-04-17 23:06:00,2026-04-18 05:58:36,Software,4 - Low,Service Desk,Git 클라이언트 소스 동기화 에러,로컬 저장소에서 원격 저장소로 push를 할 때 권한 오류 또는 알 수 없는 오류로 실패합니다.
SR10232,2026-03-07 11:09:00,2026-03-07 17:06:10,Software,3 - Moderate,Service Desk,신규 백신 프로그램 설치 실패,사내 보안 정책에 따라 백신 프로그램을 설치하려는데 설치 도중 에러가 나면서 롤백됩니다. 설치 지원 요청합니다.
SR10233,2026-01-22 02:27:00,2026-01-22 05:38:05,Access,3 - Moderate,Security Team,신규 프로젝트 공유 폴더 접근 권한 신청,이번에 신규 생성된 공유 폴더인 'Project_2026'에 대한 읽기/쓰기 권한 부여를 신청합니다.
SR10234,2026-05-23 01:37:00,2026-05-23 03:36:41,Network,2 - High,Service Desk,사내 VPN 접속 오류 발생,외부 출장 중에 사내 VPN에 접속하려고 하면 403 에러가 발생하며 로그인이 되지 않습니다.
SR10235,2026-04-16 11:55:00,2026-04-17 16:59:05,HR,3 - Moderate,Service Desk,재직증명서 국문 및 영문 발급 요청,"은행 제출용 재직증명서 국문 1부, 비자 신청용 영문 1부를 급히 발급 요청합니다."
SR10236,2026-03-21 11:06:00,2026-03-21 11:59:05,Access,2 - High,Security Team,신규 입사자 시스템 권한 일괄 신청,"다음 주 입사 예정인 신입 사원의 메일, 메신저, 사내 시스템 접근 권한 일괄 생성을 요청합니다."
SR10237,2026-05-04 07:54:00,2026-05-05 17:53:58,HR,3 - Moderate,HR Team,올해 연차 잔여 일수 확인 요청,포털에 표시되는 잔여 연차 일수와 실제 사용 일수가 상이한 것 같아 정확한 확인을 요청합니다.
SR10238,2026-04-05 03:48:00,2026-04-05 10:11:45,Network,4 - Low,Service Desk,방화벽 포트 오픈 신청,신규 개발 시스템 구축을 위해 개발망과 운영망 간의 특정 포트 오픈이 필요합니다.
SR10239,2026-05-24 19:39:00,2026-05-24 23:50:49,Software,3 - Moderate,Software Support,Git 클라이언트 소스 동기화 에러,로컬 저장소에서 원격 저장소로 push를 할 때 권한 오류 또는 알 수 없는 오류로 실패합니다.
SR10240,2026-03-10 00:11:00,2026-03-11 18:13:01,HR,3 - Moderate,HR Team,사내 교육 수강 이력 반영 요청,지난주 완료한 직무 교육 수강 확인서를 첨부하오니 교육 이력에 반영해 주시기 바랍니다.
SR10241,2026-03-31 00:11:00,2026-03-31 07:58:51,Software,4 - Low,Service Desk,신규 백신 프로그램 설치 실패,사내 보안 정책에 따라 백신 프로그램을 설치하려는데 설치 도중 에러가 나면서 롤백됩니다. 설치 지원 요청합니다.
SR10242,2026-02-06 23:40:00,2026-02-07 04:26:24,Hardware,2 - High,Service Desk,듀얼 모니터 미인식 문제,모니터를 새로 연결했는데 PC에서 듀얼 모니터 인식이 안 되고 화면이 나오지 않습니다.
SR10243,2026-02-25 12:26:00,2026-02-25 19:17:40,Network,3 - Moderate,Network Support,방화벽 포트 오픈 신청,신규 개발 시스템 구축을 위해 개발망과 운영망 간의 특정 포트 오픈이 필요합니다.
SR10244,2026-04-05 09:46:00,2026-04-05 11:50:39,Access,3 - Moderate,Service Desk,사내 인트라넷 계정 잠금 해제 요청,비밀번호를 5회 잘못 입력하여 사내 포털 계정이 잠겼습니다. 잠금 해제 및 임시 비밀번호 발급 부탁드립니다.
SR10245,2026-02-09 05:48:00,2026-02-09 13:39:55,Software,3 - Moderate,Software Support,개발 IDE 라이선스 만료 및 갱신,사용 중인 IntelliJ 개발 라이선스가 만료되어 실행이 되지 않습니다. 라이선스 키 갱신 또는 재발급 요청합니다.
SR10246,2026-03-11 14:42:00,2026-03-13 03:33:53,HR,3 - Moderate,HR Team,재직증명서 국문 및 영문 발급 요청,"은행 제출용 재직증명서 국문 1부, 비자 신청용 영문 1부를 급히 발급 요청합니다."
SR10247,2026-04-24 13:17:00,2026-04-24 14:03:38,Access,2 - High,Service Desk,보안 서버 접근용 SSH 키 등록,운영 서버 점검을 위해 개발자 공개 SSH 키 등록을 요청합니다.
SR10248,2026-04-21 03:18:00,2026-04-21 08:31:03,Hardware,2 - High,Hardware Support,마우스 및 키보드 교체 요청,"키보드의 특정 키가 눌린 채로 안 올라오고, 마우스 휠이 정상적으로 작동하지 않아 업무에 지장이 있습니다. 새 장비로 교체 요청합니다."
SR10249,2026-03-20 01:14:00,2026-03-21 04:28:32,HR,3 - Moderate,Service Desk,사내 교육 수강 이력 반영 요청,지난주 완료한 직무 교육 수강 확인서를 첨부하오니 교육 이력에 반영해 주시기 바랍니다.
SR10250,2026-02-22 09:13:00,2026-02-22 14:41:53,Access,4 - Low,Security Team,신규 프로젝트 공유 폴더 접근 권한 신청,이번에 신규 생성된 공유 폴더인 'Project_2026'에 대한 읽기/쓰기 권한 부여를 신청합니다.
SR10251,2026-03-25 03:00:00,2026-03-25 07:13:30,Hardware,2 - High,Service Desk,마우스 및 키보드 교체 요청,"키보드의 특정 키가 눌린 채로 안 올라오고, 마우스 휠이 정상적으로 작동하지 않아 업무에 지장이 있습니다. 새 장비로 교체 요청합니다."
SR10252,2026-02-03 12:34:00,2026-02-03 13:17:19,Access,2 - High,Service Desk,사내 인트라넷 계정 잠금 해제 요청,비밀번호를 5회 잘못 입력하여 사내 포털 계정이 잠겼습니다. 잠금 해제 및 임시 비밀번호 발급 부탁드립니다.
SR10253,2026-04-12 23:02:00,2026-04-13 02:49:37,Hardware,2 - High,Service Desk,듀얼 모니터 미인식 문제,모니터를 새로 연결했는데 PC에서 듀얼 모니터 인식이 안 되고 화면이 나오지 않습니다.
SR10254,2026-01-20 10:36:00,2026-01-20 11:22:11,Access,2 - High,Security Team,Jira 및 Confluence 프로젝트 관리자 권한 부여,부서 이동으로 인해 특정 Jira 프로젝트의 관리 권한 인계가 필요합니다.
SR10255,2026-03-16 03:25:00,2026-03-16 04:57:33,Access,3 - Moderate,Service Desk,Jira 및 Confluence 프로젝트 관리자 권한 부여,부서 이동으로 인해 특정 Jira 프로젝트의 관리 권한 인계가 필요합니다.
SR10256,2026-04-28 22:58:00,2026-04-29 01:28:39,Network,3 - Moderate,Service Desk,사내 VPN 접속 오류 발생,외부 출장 중에 사내 VPN에 접속하려고 하면 403 에러가 발생하며 로그인이 되지 않습니다.
SR10257,2026-01-28 07:27:00,2026-01-28 13:14:25,Software,3 - Moderate,Software Support,Git 클라이언트 소스 동기화 에러,로컬 저장소에서 원격 저장소로 push를 할 때 권한 오류 또는 알 수 없는 오류로 실패합니다.
SR10258,2026-01-21 12:55:00,2026-01-22 17:51:39,HR,3 - Moderate,Service Desk,사내 교육 수강 이력 반영 요청,지난주 완료한 직무 교육 수강 확인서를 첨부하오니 교육 이력에 반영해 주시기 바랍니다.
SR10259,2026-03-27 05:04:00,2026-03-27 08:27:36,Software,3 - Moderate,Service Desk,MS Office 365 로그인 인증 오류,아웃룩과 액셀 실행 시 라이선스 인증 창이 계속 뜨며 정품 인증이 풀리는 현상이 있습니다.
SR10260,2026-05-11 06:57:00,2026-05-11 23:06:31,HR,2 - High,HR Team,사내 교육 수강 이력 반영 요청,지난주 완료한 직무 교육 수강 확인서를 첨부하오니 교육 이력에 반영해 주시기 바랍니다.
SR10261,2026-03-02 03:09:00,2026-03-02 06:06:20,Software,3 - Moderate,Service Desk,MS Office 365 로그인 인증 오류,아웃룩과 액셀 실행 시 라이선스 인증 창이 계속 뜨며 정품 인증이 풀리는 현상이 있습니다.
SR10262,2026-02-09 20:04:00,2026-02-10 01:22:32,Software,3 - Moderate,Software Support,MS Office 365 로그인 인증 오류,아웃룩과 액셀 실행 시 라이선스 인증 창이 계속 뜨며 정품 인증이 풀리는 현상이 있습니다.
SR10263,2026-05-25 18:28:00,2026-05-26 00:07:14,Hardware,3 - Moderate,Service Desk,회의실 빔프로젝터 연결 케이블 파손,대회의실 빔프로젝터에 연결하는 HDMI 케이블 단자가 파손되어 화면 출력이 되지 않습니다. 교체 바랍니다.
SR10264,2026-02-08 14:04:00,2026-02-08 21:55:54,HR,1 - Critical,Service Desk,경조사 휴가 및 경조금 신청,가족 상가로 인한 특별 휴가 신청서와 경조금 지급 신청서류를 제출합니다.
SR10265,2026-03-12 18:03:00,2026-03-12 20:47:04,Access,4 - Low,Service Desk,신규 입사자 시스템 권한 일괄 신청,"다음 주 입사 예정인 신입 사원의 메일, 메신저, 사내 시스템 접근 권한 일괄 생성을 요청합니다."
SR10266,2026-04-29 14:02:00,2026-04-29 20:36:40,Software,3 - Moderate,Software Support,신규 백신 프로그램 설치 실패,사내 보안 정책에 따라 백신 프로그램을 설치하려는데 설치 도중 에러가 나면서 롤백됩니다. 설치 지원 요청합니다.
SR10267,2026-01-20 20:55:00,2026-01-21 00:09:51,Network,3 - Moderate,Service Desk,와이파이 신호 불량 및 속도 저하,회의실 A에서 사내 와이파이 연결이 자주 끊기고 속도가 너무 느려서 회의 진행이 어렵습니다.
SR10268,2026-05-29 17:50:00,2026-05-29 20:32:49,Network,3 - Moderate,Service Desk,네트워크 스위치 재부팅 요청,개발 서버 대역의 네트워크 연결 상태가 불안정하여 스위치 장비 확인 및 재부팅을 요청합니다.
SR10269,2026-02-18 10:38:00,2026-02-18 14:05:16,Network,3 - Moderate,Service Desk,방화벽 포트 오픈 신청,신규 개발 시스템 구축을 위해 개발망과 운영망 간의 특정 포트 오픈이 필요합니다.
SR10270,2026-04-26 03:51:00,2026-04-26 04:30:00,Access,1 - Critical,Security Team,신규 프로젝트 공유 폴더 접근 권한 신청,이번에 신규 생성된 공유 폴더인 'Project_2026'에 대한 읽기/쓰기 권한 부여를 신청합니다.
SR10271,2026-02-14 01:15:00,2026-02-14 07:51:39,Software,3 - Moderate,Software Support,데이터베이스 클라이언트 툴 설치 요청,업무를 위해 DBeaver 설치가 필요합니다. 사내 소프트웨어 포털에서 설치가 안 되어 지원 요청합니다.
SR10272,2026-05-14 19:10:00,2026-05-14 20:01:55,Access,2 - High,Service Desk,보안 서버 접근용 SSH 키 등록,운영 서버 점검을 위해 개발자 공개 SSH 키 등록을 요청합니다.
SR10273,2026-04-10 13:49:00,2026-04-10 19:39:39,Software,3 - Moderate,Service Desk,신규 백신 프로그램 설치 실패,사내 보안 정책에 따라 백신 프로그램을 설치하려는데 설치 도중 에러가 나면서 롤백됩니다. 설치 지원 요청합니다.
SR10274,2026-01-17 10:06:00,2026-01-17 16:46:11,Software,3 - Moderate,Software Support,신규 백신 프로그램 설치 실패,사내 보안 정책에 따라 백신 프로그램을 설치하려는데 설치 도중 에러가 나면서 롤백됩니다. 설치 지원 요청합니다.
SR10275,2026-03-06 23:54:00,2026-03-07 19:05:17,HR,3 - Moderate,Service Desk,경조사 휴가 및 경조금 신청,가족 상가로 인한 특별 휴가 신청서와 경조금 지급 신청서류를 제출합니다.
SR10276,2026-01-21 18:42:00,2026-01-22 21:54:51,HR,3 - Moderate,HR Team,경조사 휴가 및 경조금 신청,가족 상가로 인한 특별 휴가 신청서와 경조금 지급 신청서류를 제출합니다.
SR10277,2026-04-11 04:38:00,2026-04-11 12:16:51,Hardware,2 - High,Service Desk,마우스 및 키보드 교체 요청,"키보드의 특정 키가 눌린 채로 안 올라오고, 마우스 휠이 정상적으로 작동하지 않아 업무에 지장이 있습니다. 새 장비로 교체 요청합니다."
SR10278,2026-04-07 20:50:00,2026-04-08 02:04:55,Network,3 - Moderate,Service Desk,방화벽 포트 오픈 신청,신규 개발 시스템 구축을 위해 개발망과 운영망 간의 특정 포트 오픈이 필요합니다.
SR10279,2026-01-24 20:42:00,2026-01-25 02:43:16,Software,3 - Moderate,Software Support,데이터베이스 클라이언트 툴 설치 요청,업무를 위해 DBeaver 설치가 필요합니다. 사내 소프트웨어 포털에서 설치가 안 되어 지원 요청합니다.
SR10280,2026-04-03 09:11:00,2026-04-03 11:16:26,Access,3 - Moderate,Service Desk,신규 프로젝트 공유 폴더 접근 권한 신청,이번에 신규 생성된 공유 폴더인 'Project_2026'에 대한 읽기/쓰기 권한 부여를 신청합니다.
SR10281,2026-02-19 07:08:00,2026-02-19 16:57:45,Hardware,3 - Moderate,Service Desk,회의실 빔프로젝터 연결 케이블 파손,대회의실 빔프로젝터에 연결하는 HDMI 케이블 단자가 파손되어 화면 출력이 되지 않습니다. 교체 바랍니다.
SR10282,2026-01-26 16:49:00,2026-01-26 23:11:31,Hardware,2 - High,Hardware Support,마우스 및 키보드 교체 요청,"키보드의 특정 키가 눌린 채로 안 올라오고, 마우스 휠이 정상적으로 작동하지 않아 업무에 지장이 있습니다. 새 장비로 교체 요청합니다."
SR10283,2026-02-03 19:24:00,2026-02-04 07:32:47,HR,2 - High,HR Team,경조사 휴가 및 경조금 신청,가족 상가로 인한 특별 휴가 신청서와 경조금 지급 신청서류를 제출합니다.
SR10284,2026-02-12 23:28:00,2026-02-13 05:10:30,Hardware,2 - High,Hardware Support,노트북 전원 불량 및 켜지지 않음,어제 저녁까지 잘 쓰던 노트북이 오늘 아침에 전원 버튼을 눌러도 반응이 없고 충전 표시등도 켜지지 않습니다.
SR10285,2026-03-02 14:39:00,2026-03-02 19:07:22,Network,4 - Low,Service Desk,와이파이 신호 불량 및 속도 저하,회의실 A에서 사내 와이파이 연결이 자주 끊기고 속도가 너무 느려서 회의 진행이 어렵습니다.
SR10286,2026-05-17 07:19:00,2026-05-17 07:43:00,Software,2 - High,Service Desk,MS Office 365 로그인 인증 오류,아웃룩과 액셀 실행 시 라이선스 인증 창이 계속 뜨며 정품 인증이 풀리는 현상이 있습니다.
SR10287,2026-05-27 14:29:00,2026-05-27 19:25:49,Access,4 - Low,Security Team,신규 입사자 시스템 권한 일괄 신청,"다음 주 입사 예정인 신입 사원의 메일, 메신저, 사내 시스템 접근 권한 일괄 생성을 요청합니다."
SR10288,2026-05-16 13:10:00,2026-05-16 15:55:04,Software,2 - High,Service Desk,데이터베이스 클라이언트 툴 설치 요청,업무를 위해 DBeaver 설치가 필요합니다. 사내 소프트웨어 포털에서 설치가 안 되어 지원 요청합니다.
SR10289,2026-01-14 20:30:00,2026-01-15 17:56:49,Hardware,4 - Low,Hardware Support,마우스 및 키보드 교체 요청,"키보드의 특정 키가 눌린 채로 안 올라오고, 마우스 휠이 정상적으로 작동하지 않아 업무에 지장이 있습니다. 새 장비로 교체 요청합니다."
SR10290,2026-02-01 09:05:00,2026-02-01 19:13:54,Software,4 - Low,Software Support,데이터베이스 클라이언트 툴 설치 요청,업무를 위해 DBeaver 설치가 필요합니다. 사내 소프트웨어 포털에서 설치가 안 되어 지원 요청합니다.
SR10291,2026-05-12 04:53:00,2026-05-12 13:31:28,Hardware,3 - Moderate,Service Desk,회의실 빔프로젝터 연결 케이블 파손,대회의실 빔프로젝터에 연결하는 HDMI 케이블 단자가 파손되어 화면 출력이 되지 않습니다. 교체 바랍니다.
SR10292,2026-04-26 11:59:00,2026-04-26 17:27:36,Access,4 - Low,Security Team,사내 인트라넷 계정 잠금 해제 요청,비밀번호를 5회 잘못 입력하여 사내 포털 계정이 잠겼습니다. 잠금 해제 및 임시 비밀번호 발급 부탁드립니다.
SR10293,2026-04-12 16:23:00,2026-04-12 19:43:14,Network,3 - Moderate,Service Desk,인터넷 연결 끊김 장애,오늘 아침부터 특정 층 전체 인터넷 연결이 끊겼습니다. 급한 업무가 많은데 빠른 확인 부탁드립니다.
SR10294,2026-04-06 07:01:00,2026-04-06 15:36:01,Hardware,3 - Moderate,Service Desk,듀얼 모니터 미인식 문제,모니터를 새로 연결했는데 PC에서 듀얼 모니터 인식이 안 되고 화면이 나오지 않습니다.
SR10295,2026-02-07 04:02:00,2026-02-07 10:35:00,Software,3 - Moderate,Software Support,신규 백신 프로그램 설치 실패,사내 보안 정책에 따라 백신 프로그램을 설치하려는데 설치 도중 에러가 나면서 롤백됩니다. 설치 지원 요청합니다.
SR10296,2026-05-01 14:39:00,2026-05-01 18:09:35,Software,3 - Moderate,Service Desk,MS Office 365 로그인 인증 오류,아웃룩과 액셀 실행 시 라이선스 인증 창이 계속 뜨며 정품 인증이 풀리는 현상이 있습니다.
SR10297,2026-03-07 06:53:00,2026-03-07 10:34:33,Network,3 - Moderate,Network Support,인터넷 연결 끊김 장애,오늘 아침부터 특정 층 전체 인터넷 연결이 끊겼습니다. 급한 업무가 많은데 빠른 확인 부탁드립니다.
SR10298,2026-03-15 07:19:00,2026-03-15 14:51:58,Hardware,3 - Moderate,Service Desk,듀얼 모니터 미인식 문제,모니터를 새로 연결했는데 PC에서 듀얼 모니터 인식이 안 되고 화면이 나오지 않습니다.
SR10299,2026-04-18 20:50:00,2026-04-19 00:48:06,Network,3 - Moderate,Network Support,사내 VPN 접속 오류 발생,외부 출장 중에 사내 VPN에 접속하려고 하면 403 에러가 발생하며 로그인이 되지 않습니다.
SR10300,2026-01-29 15:38:00,2026-01-30 15:53:53,HR,3 - Moderate,Service Desk,재직증명서 국문 및 영문 발급 요청,"은행 제출용 재직증명서 국문 1부, 비자 신청용 영문 1부를 급히 발급 요청합니다."
SR10301,2026-05-28 07:45:00,2026-05-29 00:33:47,HR,2 - High,HR Team,사내 교육 수강 이력 반영 요청,지난주 완료한 직무 교육 수강 확인서를 첨부하오니 교육 이력에 반영해 주시기 바랍니다.
SR10302,2026-01-01 19:22:00,2026-01-01 23:04:59,Hardware,2 - High,Service Desk,회의실 빔프로젝터 연결 케이블 파손,대회의실 빔프로젝터에 연결하는 HDMI 케이블 단자가 파손되어 화면 출력이 되지 않습니다. 교체 바랍니다.
SR10303,2026-01-22 16:23:00,2026-01-23 03:21:06,Hardware,3 - Moderate,Service Desk,노트북 전원 불량 및 켜지지 않음,어제 저녁까지 잘 쓰던 노트북이 오늘 아침에 전원 버튼을 눌러도 반응이 없고 충전 표시등도 켜지지 않습니다.
SR10304,2026-05-01 01:40:00,2026-05-01 06:01:57,Network,3 - Moderate,Network Support,네트워크 스위치 재부팅 요청,개발 서버 대역의 네트워크 연결 상태가 불안정하여 스위치 장비 확인 및 재부팅을 요청합니다.
SR10305,2026-01-05 11:50:00,2026-01-05 14:51:45,Access,3 - Moderate,Service Desk,신규 입사자 시스템 권한 일괄 신청,"다음 주 입사 예정인 신입 사원의 메일, 메신저, 사내 시스템 접근 권한 일괄 생성을 요청합니다."
SR10306,2026-01-27 18:47:00,2026-01-27 21:25:29,Network,3 - Moderate,Service Desk,사내 VPN 접속 오류 발생,외부 출장 중에 사내 VPN에 접속하려고 하면 403 에러가 발생하며 로그인이 되지 않습니다.
SR10307,2026-04-01 17:21:00,2026-04-01 21:10:39,Software,2 - High,Software Support,개발 IDE 라이선스 만료 및 갱신,사용 중인 IntelliJ 개발 라이선스가 만료되어 실행이 되지 않습니다. 라이선스 키 갱신 또는 재발급 요청합니다.
SR10308,2026-02-16 04:04:00,2026-02-16 09:44:42,Hardware,2 - High,Service Desk,회의실 빔프로젝터 연결 케이블 파손,대회의실 빔프로젝터에 연결하는 HDMI 케이블 단자가 파손되어 화면 출력이 되지 않습니다. 교체 바랍니다.
SR10309,2026-02-21 01:50:00,2026-02-21 07:07:46,Access,4 - Low,Security Team,신규 입사자 시스템 권한 일괄 신청,"다음 주 입사 예정인 신입 사원의 메일, 메신저, 사내 시스템 접근 권한 일괄 생성을 요청합니다."
SR10310,2026-03-21 16:25:00,2026-03-21 22:32:47,Hardware,2 - High,Hardware Support,마우스 및 키보드 교체 요청,"키보드의 특정 키가 눌린 채로 안 올라오고, 마우스 휠이 정상적으로 작동하지 않아 업무에 지장이 있습니다. 새 장비로 교체 요청합니다."
SR10311,2026-01-10 20:12:00,2026-01-11 07:55:04,HR,2 - High,Service Desk,경조사 휴가 및 경조금 신청,가족 상가로 인한 특별 휴가 신청서와 경조금 지급 신청서류를 제출합니다.
SR10312,2026-03-26 08:07:00,2026-03-26 11:07:16,Software,2 - High,Service Desk,개발 IDE 라이선스 만료 및 갱신,사용 중인 IntelliJ 개발 라이선스가 만료되어 실행이 되지 않습니다. 라이선스 키 갱신 또는 재발급 요청합니다.
SR10313,2026-04-23 12:21:00,2026-04-23 16:56:06,Software,3 - Moderate,Service Desk,Git 클라이언트 소스 동기화 에러,로컬 저장소에서 원격 저장소로 push를 할 때 권한 오류 또는 알 수 없는 오류로 실패합니다.
SR10314,2026-04-05 16:17:00,2026-04-06 01:23:49,Hardware,3 - Moderate,Service Desk,회의실 빔프로젝터 연결 케이블 파손,대회의실 빔프로젝터에 연결하는 HDMI 케이블 단자가 파손되어 화면 출력이 되지 않습니다. 교체 바랍니다.
SR10315,2026-04-21 19:52:00,2026-04-22 00:09:41,Network,4 - Low,Service Desk,인터넷 연결 끊김 장애,오늘 아침부터 특정 층 전체 인터넷 연결이 끊겼습니다. 급한 업무가 많은데 빠른 확인 부탁드립니다.
SR10316,2026-01-27 02:20:00,2026-01-27 10:42:56,Hardware,3 - Moderate,Service Desk,마우스 및 키보드 교체 요청,"키보드의 특정 키가 눌린 채로 안 올라오고, 마우스 휠이 정상적으로 작동하지 않아 업무에 지장이 있습니다. 새 장비로 교체 요청합니다."
SR10317,2026-04-20 05:44:00,2026-04-20 07:58:02,Software,3 - Moderate,Service Desk,Git 클라이언트 소스 동기화 에러,로컬 저장소에서 원격 저장소로 push를 할 때 권한 오류 또는 알 수 없는 오류로 실패합니다.
SR10318,2026-01-11 23:55:00,2026-01-12 01:02:33,Access,3 - Moderate,Service Desk,Jira 및 Confluence 프로젝트 관리자 권한 부여,부서 이동으로 인해 특정 Jira 프로젝트의 관리 권한 인계가 필요합니다.
SR10319,2026-01-15 02:42:00,2026-01-15 10:12:10,Software,4 - Low,Service Desk,신규 백신 프로그램 설치 실패,사내 보안 정책에 따라 백신 프로그램을 설치하려는데 설치 도중 에러가 나면서 롤백됩니다. 설치 지원 요청합니다.
SR10320,2026-02-10 00:09:00,2026-02-10 02:01:03,Access,3 - Moderate,Service Desk,보안 서버 접근용 SSH 키 등록,운영 서버 점검을 위해 개발자 공개 SSH 키 등록을 요청합니다.
SR10321,2026-02-02 02:15:00,2026-02-03 03:39:27,HR,3 - Moderate,Service Desk,재직증명서 국문 및 영문 발급 요청,"은행 제출용 재직증명서 국문 1부, 비자 신청용 영문 1부를 급히 발급 요청합니다."
SR10322,2026-05-26 01:38:00,2026-05-26 03:40:20,Software,2 - High,Service Desk,Git 클라이언트 소스 동기화 에러,로컬 저장소에서 원격 저장소로 push를 할 때 권한 오류 또는 알 수 없는 오류로 실패합니다.
SR10323,2026-04-06 14:48:00,2026-04-07 01:25:26,Hardware,3 - Moderate,Service Desk,마우스 및 키보드 교체 요청,"키보드의 특정 키가 눌린 채로 안 올라오고, 마우스 휠이 정상적으로 작동하지 않아 업무에 지장이 있습니다. 새 장비로 교체 요청합니다."
SR10324,2026-04-04 12:20:00,2026-04-04 15:51:02,Network,2 - High,Network Support,방화벽 포트 오픈 신청,신규 개발 시스템 구축을 위해 개발망과 운영망 간의 특정 포트 오픈이 필요합니다.
SR10325,2026-01-07 23:11:00,2026-01-08 07:50:19,Software,3 - Moderate,Software Support,개발 IDE 라이선스 만료 및 갱신,사용 중인 IntelliJ 개발 라이선스가 만료되어 실행이 되지 않습니다. 라이선스 키 갱신 또는 재발급 요청합니다.
SR10326,2026-01-31 08:49:00,2026-01-31 11:04:13,Access,4 - Low,Service Desk,보안 서버 접근용 SSH 키 등록,운영 서버 점검을 위해 개발자 공개 SSH 키 등록을 요청합니다.
SR10327,2026-03-15 22:58:00,2026-03-16 03:05:50,Software,3 - Moderate,Service Desk,MS Office 365 로그인 인증 오류,아웃룩과 액셀 실행 시 라이선스 인증 창이 계속 뜨며 정품 인증이 풀리는 현상이 있습니다.
SR10328,2026-02-04 02:28:00,2026-02-04 06:10:31,Access,3 - Moderate,Security Team,신규 프로젝트 공유 폴더 접근 권한 신청,이번에 신규 생성된 공유 폴더인 'Project_2026'에 대한 읽기/쓰기 권한 부여를 신청합니다.
SR10329,2026-03-23 21:22:00,2026-03-24 12:29:25,Hardware,4 - Low,Service Desk,듀얼 모니터 미인식 문제,모니터를 새로 연결했는데 PC에서 듀얼 모니터 인식이 안 되고 화면이 나오지 않습니다.
SR10330,2026-02-10 22:45:00,2026-02-11 02:43:19,Network,3 - Moderate,Service Desk,와이파이 신호 불량 및 속도 저하,회의실 A에서 사내 와이파이 연결이 자주 끊기고 속도가 너무 느려서 회의 진행이 어렵습니다.
SR10331,2026-02-27 03:12:00,2026-02-27 08:23:58,Hardware,2 - High,Service Desk,PC 메모리 추가 장착 요청,최근 코딩 작업 시 메모리 부족으로 인해 PC 속도가 급격히 느려집니다. 기존 8GB에서 16GB로 업그레이드 요청합니다.
SR10332,2026-01-07 11:35:00,2026-01-08 03:43:05,Hardware,3 - Moderate,Hardware Support,회의실 빔프로젝터 연결 케이블 파손,대회의실 빔프로젝터에 연결하는 HDMI 케이블 단자가 파손되어 화면 출력이 되지 않습니다. 교체 바랍니다.
SR10333,2026-05-22 04:39:00,2026-05-23 04:15:46,HR,3 - Moderate,Service Desk,사원증 분실로 인한 재발급 신청,출근 중 사원증을 분실하여 재발급을 요청합니다. 출입 권한 이전도 같이 요청합니다.
SR10334,2026-04-12 22:46:00,2026-04-13 02:35:14,Network,3 - Moderate,Network Support,와이파이 신호 불량 및 속도 저하,회의실 A에서 사내 와이파이 연결이 자주 끊기고 속도가 너무 느려서 회의 진행이 어렵습니다.
SR10335,2026-05-28 02:08:00,2026-05-28 03:49:03,Access,3 - Moderate,Service Desk,Jira 및 Confluence 프로젝트 관리자 권한 부여,부서 이동으로 인해 특정 Jira 프로젝트의 관리 권한 인계가 필요합니다.
SR10336,2026-04-30 21:33:00,2026-05-01 00:33:10,Software,2 - High,Software Support,Git 클라이언트 소스 동기화 에러,로컬 저장소에서 원격 저장소로 push를 할 때 권한 오류 또는 알 수 없는 오류로 실패합니다.
SR10337,2026-05-31 05:49:00,2026-05-31 13:46:07,Software,3 - Moderate,Software Support,데이터베이스 클라이언트 툴 설치 요청,업무를 위해 DBeaver 설치가 필요합니다. 사내 소프트웨어 포털에서 설치가 안 되어 지원 요청합니다.
SR10338,2026-01-15 03:33:00,2026-01-15 16:27:08,Hardware,3 - Moderate,Service Desk,PC 메모리 추가 장착 요청,최근 코딩 작업 시 메모리 부족으로 인해 PC 속도가 급격히 느려집니다. 기존 8GB에서 16GB로 업그레이드 요청합니다.
SR10339,2026-02-11 10:59:00,2026-02-12 01:20:30,Hardware,3 - Moderate,Service Desk,노트북 전원 불량 및 켜지지 않음,어제 저녁까지 잘 쓰던 노트북이 오늘 아침에 전원 버튼을 눌러도 반응이 없고 충전 표시등도 켜지지 않습니다.
SR10340,2026-03-14 02:16:00,2026-03-14 09:33:24,Hardware,1 - Critical,Service Desk,PC 메모리 추가 장착 요청,최근 코딩 작업 시 메모리 부족으로 인해 PC 속도가 급격히 느려집니다. 기존 8GB에서 16GB로 업그레이드 요청합니다.
SR10341,2026-03-19 19:34:00,2026-03-20 11:01:44,Hardware,4 - Low,Service Desk,노트북 전원 불량 및 켜지지 않음,어제 저녁까지 잘 쓰던 노트북이 오늘 아침에 전원 버튼을 눌러도 반응이 없고 충전 표시등도 켜지지 않습니다.
SR10342,2026-05-29 04:10:00,2026-05-29 10:36:06,Network,3 - Moderate,Network Support,방화벽 포트 오픈 신청,신규 개발 시스템 구축을 위해 개발망과 운영망 간의 특정 포트 오픈이 필요합니다.
SR10343,2026-01-11 00:05:00,2026-01-11 19:42:33,HR,3 - Moderate,Service Desk,사내 교육 수강 이력 반영 요청,지난주 완료한 직무 교육 수강 확인서를 첨부하오니 교육 이력에 반영해 주시기 바랍니다.
SR10344,2026-05-27 13:39:00,2026-05-27 16:17:53,Network,3 - Moderate,Service Desk,사내 VPN 접속 오류 발생,외부 출장 중에 사내 VPN에 접속하려고 하면 403 에러가 발생하며 로그인이 되지 않습니다.
SR10345,2026-03-16 20:19:00,2026-03-17 02:38:05,Network,4 - Low,Service Desk,방화벽 포트 오픈 신청,신규 개발 시스템 구축을 위해 개발망과 운영망 간의 특정 포트 오픈이 필요합니다.
SR10346,2026-03-18 14:04:00,2026-03-18 17:13:41,Access,3 - Moderate,Security Team,Jira 및 Confluence 프로젝트 관리자 권한 부여,부서 이동으로 인해 특정 Jira 프로젝트의 관리 권한 인계가 필요합니다.
SR10347,2026-04-17 15:29:00,2026-04-17 20:35:51,Network,3 - Moderate,Network Support,네트워크 스위치 재부팅 요청,개발 서버 대역의 네트워크 연결 상태가 불안정하여 스위치 장비 확인 및 재부팅을 요청합니다.
SR10348,2026-02-06 10:55:00,2026-02-06 19:39:46,Hardware,2 - High,Service Desk,PC 메모리 추가 장착 요청,최근 코딩 작업 시 메모리 부족으로 인해 PC 속도가 급격히 느려집니다. 기존 8GB에서 16GB로 업그레이드 요청합니다.
SR10349,2026-02-03 11:32:00,2026-02-03 12:04:25,Software,1 - Critical,Service Desk,Git 클라이언트 소스 동기화 에러,로컬 저장소에서 원격 저장소로 push를 할 때 권한 오류 또는 알 수 없는 오류로 실패합니다.
SR10350,2026-03-03 14:07:00,2026-03-04 21:59:05,HR,3 - Moderate,HR Team,경조사 휴가 및 경조금 신청,가족 상가로 인한 특별 휴가 신청서와 경조금 지급 신청서류를 제출합니다.
SR10351,2026-02-06 03:03:00,2026-02-06 07:08:20,Software,4 - Low,Service Desk,MS Office 365 로그인 인증 오류,아웃룩과 액셀 실행 시 라이선스 인증 창이 계속 뜨며 정품 인증이 풀리는 현상이 있습니다.
SR10352,2026-04-18 07:55:00,2026-04-18 13:51:35,Software,3 - Moderate,Service Desk,데이터베이스 클라이언트 툴 설치 요청,업무를 위해 DBeaver 설치가 필요합니다. 사내 소프트웨어 포털에서 설치가 안 되어 지원 요청합니다.
SR10353,2026-03-22 06:48:00,2026-03-22 17:21:53,Hardware,3 - Moderate,Service Desk,PC 메모리 추가 장착 요청,최근 코딩 작업 시 메모리 부족으로 인해 PC 속도가 급격히 느려집니다. 기존 8GB에서 16GB로 업그레이드 요청합니다.
SR10354,2026-04-30 15:56:00,2026-05-01 01:46:47,Hardware,3 - Moderate,Service Desk,PC 메모리 추가 장착 요청,최근 코딩 작업 시 메모리 부족으로 인해 PC 속도가 급격히 느려집니다. 기존 8GB에서 16GB로 업그레이드 요청합니다.
SR10355,2026-01-24 12:32:00,2026-01-24 14:53:23,Software,2 - High,Service Desk,개발 IDE 라이선스 만료 및 갱신,사용 중인 IntelliJ 개발 라이선스가 만료되어 실행이 되지 않습니다. 라이선스 키 갱신 또는 재발급 요청합니다.
SR10356,2026-05-30 11:03:00,2026-05-30 14:29:01,Access,3 - Moderate,Security Team,사내 인트라넷 계정 잠금 해제 요청,비밀번호를 5회 잘못 입력하여 사내 포털 계정이 잠겼습니다. 잠금 해제 및 임시 비밀번호 발급 부탁드립니다.
SR10357,2026-05-01 09:34:00,2026-05-01 12:40:20,Network,3 - Moderate,Service Desk,네트워크 스위치 재부팅 요청,개발 서버 대역의 네트워크 연결 상태가 불안정하여 스위치 장비 확인 및 재부팅을 요청합니다.
SR10358,2026-02-04 08:46:00,2026-02-04 12:57:22,Network,3 - Moderate,Network Support,네트워크 스위치 재부팅 요청,개발 서버 대역의 네트워크 연결 상태가 불안정하여 스위치 장비 확인 및 재부팅을 요청합니다.
SR10359,2026-01-12 12:03:00,2026-01-12 20:01:17,Software,4 - Low,Service Desk,신규 백신 프로그램 설치 실패,사내 보안 정책에 따라 백신 프로그램을 설치하려는데 설치 도중 에러가 나면서 롤백됩니다. 설치 지원 요청합니다.
SR10360,2026-05-22 09:04:00,2026-05-22 20:35:23,HR,2 - High,HR Team,경조사 휴가 및 경조금 신청,가족 상가로 인한 특별 휴가 신청서와 경조금 지급 신청서류를 제출합니다.
SR10361,2026-03-13 19:43:00,2026-03-13 22:04:02,Access,4 - Low,Service Desk,보안 서버 접근용 SSH 키 등록,운영 서버 점검을 위해 개발자 공개 SSH 키 등록을 요청합니다.
SR10362,2026-01-25 12:23:00,2026-01-26 14:44:38,HR,3 - Moderate,HR Team,올해 연차 잔여 일수 확인 요청,포털에 표시되는 잔여 연차 일수와 실제 사용 일수가 상이한 것 같아 정확한 확인을 요청합니다.
SR10363,2026-02-20 19:32:00,2026-02-20 23:28:50,Software,3 - Moderate,Service Desk,MS Office 365 로그인 인증 오류,아웃룩과 액셀 실행 시 라이선스 인증 창이 계속 뜨며 정품 인증이 풀리는 현상이 있습니다.
SR10364,2026-01-10 04:45:00,2026-01-10 07:49:30,Access,3 - Moderate,Security Team,신규 프로젝트 공유 폴더 접근 권한 신청,이번에 신규 생성된 공유 폴더인 'Project_2026'에 대한 읽기/쓰기 권한 부여를 신청합니다.
SR10365,2026-04-27 04:38:00,2026-04-27 07:10:22,Software,2 - High,Service Desk,데이터베이스 클라이언트 툴 설치 요청,업무를 위해 DBeaver 설치가 필요합니다. 사내 소프트웨어 포털에서 설치가 안 되어 지원 요청합니다.
SR10366,2026-03-23 05:25:00,2026-03-23 21:52:06,HR,1 - Critical,HR Team,경조사 휴가 및 경조금 신청,가족 상가로 인한 특별 휴가 신청서와 경조금 지급 신청서류를 제출합니다.
SR10367,2026-03-28 16:53:00,2026-03-29 00:10:55,HR,2 - High,Service Desk,사내 교육 수강 이력 반영 요청,지난주 완료한 직무 교육 수강 확인서를 첨부하오니 교육 이력에 반영해 주시기 바랍니다.
SR10368,2026-03-18 15:52:00,2026-03-19 23:19:30,HR,3 - Moderate,Service Desk,사내 교육 수강 이력 반영 요청,지난주 완료한 직무 교육 수강 확인서를 첨부하오니 교육 이력에 반영해 주시기 바랍니다.
SR10369,2026-01-29 13:37:00,2026-01-29 15:13:15,Network,3 - Moderate,Service Desk,와이파이 신호 불량 및 속도 저하,회의실 A에서 사내 와이파이 연결이 자주 끊기고 속도가 너무 느려서 회의 진행이 어렵습니다.
SR10370,2026-05-02 08:41:00,2026-05-02 14:49:24,Software,3 - Moderate,Software Support,데이터베이스 클라이언트 툴 설치 요청,업무를 위해 DBeaver 설치가 필요합니다. 사내 소프트웨어 포털에서 설치가 안 되어 지원 요청합니다.
SR10371,2026-05-30 15:10:00,2026-05-31 10:50:23,HR,2 - High,HR Team,재직증명서 국문 및 영문 발급 요청,"은행 제출용 재직증명서 국문 1부, 비자 신청용 영문 1부를 급히 발급 요청합니다."
SR10372,2026-03-04 01:36:00,2026-03-05 05:51:37,HR,4 - Low,Service Desk,올해 연차 잔여 일수 확인 요청,포털에 표시되는 잔여 연차 일수와 실제 사용 일수가 상이한 것 같아 정확한 확인을 요청합니다.
SR10373,2026-04-23 10:26:00,2026-04-23 14:31:35,Network,3 - Moderate,Network Support,인터넷 연결 끊김 장애,오늘 아침부터 특정 층 전체 인터넷 연결이 끊겼습니다. 급한 업무가 많은데 빠른 확인 부탁드립니다.
SR10374,2026-04-16 16:49:00,2026-04-17 01:45:54,Hardware,3 - Moderate,Service Desk,노트북 전원 불량 및 켜지지 않음,어제 저녁까지 잘 쓰던 노트북이 오늘 아침에 전원 버튼을 눌러도 반응이 없고 충전 표시등도 켜지지 않습니다.
SR10375,2026-02-05 16:13:00,2026-02-06 04:22:15,HR,2 - High,Service Desk,재직증명서 국문 및 영문 발급 요청,"은행 제출용 재직증명서 국문 1부, 비자 신청용 영문 1부를 급히 발급 요청합니다."
SR10376,2026-05-15 12:20:00,2026-05-16 07:58:02,HR,3 - Moderate,Service Desk,사원증 분실로 인한 재발급 신청,출근 중 사원증을 분실하여 재발급을 요청합니다. 출입 권한 이전도 같이 요청합니다.
SR10377,2026-03-29 17:22:00,2026-03-30 05:55:00,Hardware,3 - Moderate,Service Desk,PC 메모리 추가 장착 요청,최근 코딩 작업 시 메모리 부족으로 인해 PC 속도가 급격히 느려집니다. 기존 8GB에서 16GB로 업그레이드 요청합니다.
SR10378,2026-03-05 08:35:00,2026-03-05 12:29:39,Software,3 - Moderate,Service Desk,MS Office 365 로그인 인증 오류,아웃룩과 액셀 실행 시 라이선스 인증 창이 계속 뜨며 정품 인증이 풀리는 현상이 있습니다.
SR10379,2026-03-15 22:13:00,2026-03-16 01:50:19,Software,2 - High,Software Support,신규 백신 프로그램 설치 실패,사내 보안 정책에 따라 백신 프로그램을 설치하려는데 설치 도중 에러가 나면서 롤백됩니다. 설치 지원 요청합니다.
SR10380,2026-03-31 17:59:00,2026-03-31 19:28:41,Access,3 - Moderate,Service Desk,Jira 및 Confluence 프로젝트 관리자 권한 부여,부서 이동으로 인해 특정 Jira 프로젝트의 관리 권한 인계가 필요합니다.
SR10381,2026-05-27 21:34:00,2026-05-28 02:20:38,Software,3 - Moderate,Service Desk,개발 IDE 라이선스 만료 및 갱신,사용 중인 IntelliJ 개발 라이선스가 만료되어 실행이 되지 않습니다. 라이선스 키 갱신 또는 재발급 요청합니다.
SR10382,2026-02-07 09:02:00,2026-02-07 11:12:17,Access,3 - Moderate,Service Desk,신규 입사자 시스템 권한 일괄 신청,"다음 주 입사 예정인 신입 사원의 메일, 메신저, 사내 시스템 접근 권한 일괄 생성을 요청합니다."
SR10383,2026-04-24 20:16:00,2026-04-25 03:59:28,Software,3 - Moderate,Software Support,신규 백신 프로그램 설치 실패,사내 보안 정책에 따라 백신 프로그램을 설치하려는데 설치 도중 에러가 나면서 롤백됩니다. 설치 지원 요청합니다.
SR10384,2026-05-18 08:59:00,2026-05-18 11:50:49,Access,3 - Moderate,Security Team,사내 인트라넷 계정 잠금 해제 요청,비밀번호를 5회 잘못 입력하여 사내 포털 계정이 잠겼습니다. 잠금 해제 및 임시 비밀번호 발급 부탁드립니다.
SR10385,2026-01-28 19:47:00,2026-01-29 21:12:31,HR,4 - Low,Service Desk,올해 연차 잔여 일수 확인 요청,포털에 표시되는 잔여 연차 일수와 실제 사용 일수가 상이한 것 같아 정확한 확인을 요청합니다.
SR10386,2026-01-13 21:57:00,2026-01-13 23:08:19,HR,1 - Critical,HR Team,올해 연차 잔여 일수 확인 요청,포털에 표시되는 잔여 연차 일수와 실제 사용 일수가 상이한 것 같아 정확한 확인을 요청합니다.
SR10387,2026-01-14 03:26:00,2026-01-16 04:59:10,HR,4 - Low,HR Team,올해 연차 잔여 일수 확인 요청,포털에 표시되는 잔여 연차 일수와 실제 사용 일수가 상이한 것 같아 정확한 확인을 요청합니다.
SR10388,2026-02-05 00:35:00,2026-02-05 06:54:33,Software,4 - Low,Service Desk,개발 IDE 라이선스 만료 및 갱신,사용 중인 IntelliJ 개발 라이선스가 만료되어 실행이 되지 않습니다. 라이선스 키 갱신 또는 재발급 요청합니다.
SR10389,2026-05-03 20:12:00,2026-05-04 04:19:50,Hardware,3 - Moderate,Service Desk,회의실 빔프로젝터 연결 케이블 파손,대회의실 빔프로젝터에 연결하는 HDMI 케이블 단자가 파손되어 화면 출력이 되지 않습니다. 교체 바랍니다.
SR10390,2026-01-16 02:41:00,2026-01-16 08:22:59,Software,3 - Moderate,Service Desk,신규 백신 프로그램 설치 실패,사내 보안 정책에 따라 백신 프로그램을 설치하려는데 설치 도중 에러가 나면서 롤백됩니다. 설치 지원 요청합니다.
SR10391,2026-01-10 05:26:00,2026-01-11 12:15:37,HR,3 - Moderate,HR Team,사내 교육 수강 이력 반영 요청,지난주 완료한 직무 교육 수강 확인서를 첨부하오니 교육 이력에 반영해 주시기 바랍니다.
SR10392,2026-05-07 05:59:00,2026-05-07 17:13:37,Hardware,3 - Moderate,Hardware Support,회의실 빔프로젝터 연결 케이블 파손,대회의실 빔프로젝터에 연결하는 HDMI 케이블 단자가 파손되어 화면 출력이 되지 않습니다. 교체 바랍니다.
SR10393,2026-03-18 18:38:00,2026-03-19 05:21:19,Software,4 - Low,Software Support,개발 IDE 라이선스 만료 및 갱신,사용 중인 IntelliJ 개발 라이선스가 만료되어 실행이 되지 않습니다. 라이선스 키 갱신 또는 재발급 요청합니다.
SR10394,2026-04-27 20:34:00,2026-04-28 00:20:59,Network,3 - Moderate,Service Desk,와이파이 신호 불량 및 속도 저하,회의실 A에서 사내 와이파이 연결이 자주 끊기고 속도가 너무 느려서 회의 진행이 어렵습니다.
SR10395,2026-05-10 14:17:00,2026-05-11 09:22:18,HR,3 - Moderate,Service Desk,올해 연차 잔여 일수 확인 요청,포털에 표시되는 잔여 연차 일수와 실제 사용 일수가 상이한 것 같아 정확한 확인을 요청합니다.
SR10396,2026-02-11 23:29:00,2026-02-12 17:45:45,Hardware,3 - Moderate,Hardware Support,마우스 및 키보드 교체 요청,"키보드의 특정 키가 눌린 채로 안 올라오고, 마우스 휠이 정상적으로 작동하지 않아 업무에 지장이 있습니다. 새 장비로 교체 요청합니다."
SR10397,2026-03-28 09:36:00,2026-03-28 17:43:02,Software,3 - Moderate,Software Support,개발 IDE 라이선스 만료 및 갱신,사용 중인 IntelliJ 개발 라이선스가 만료되어 실행이 되지 않습니다. 라이선스 키 갱신 또는 재발급 요청합니다.
SR10398,2026-04-14 13:32:00,2026-04-14 19:52:42,Hardware,2 - High,Hardware Support,PC 메모리 추가 장착 요청,최근 코딩 작업 시 메모리 부족으로 인해 PC 속도가 급격히 느려집니다. 기존 8GB에서 16GB로 업그레이드 요청합니다.
SR10399,2026-01-25 05:08:00,2026-01-25 10:57:57,Software,3 - Moderate,Software Support,Git 클라이언트 소스 동기화 에러,로컬 저장소에서 원격 저장소로 push를 할 때 권한 오류 또는 알 수 없는 오류로 실패합니다.
SR10400,2026-01-02 08:24:00,2026-01-02 09:03:00,Access,1 - Critical,Service Desk,사내 인트라넷 계정 잠금 해제 요청,비밀번호를 5회 잘못 입력하여 사내 포털 계정이 잠겼습니다. 잠금 해제 및 임시 비밀번호 발급 부탁드립니다.
SR10401,2026-03-26 09:37:00,2026-03-26 20:12:36,Hardware,3 - Moderate,Service Desk,마우스 및 키보드 교체 요청,"키보드의 특정 키가 눌린 채로 안 올라오고, 마우스 휠이 정상적으로 작동하지 않아 업무에 지장이 있습니다. 새 장비로 교체 요청합니다."
SR10402,2026-04-03 22:15:00,2026-04-05 01:21:39,HR,3 - Moderate,HR Team,경조사 휴가 및 경조금 신청,가족 상가로 인한 특별 휴가 신청서와 경조금 지급 신청서류를 제출합니다.
SR10403,2026-03-20 05:25:00,2026-03-20 06:55:58,Network,1 - Critical,Network Support,네트워크 스위치 재부팅 요청,개발 서버 대역의 네트워크 연결 상태가 불안정하여 스위치 장비 확인 및 재부팅을 요청합니다.
SR10404,2026-03-17 11:39:00,2026-03-18 07:42:50,HR,2 - High,Service Desk,재직증명서 국문 및 영문 발급 요청,"은행 제출용 재직증명서 국문 1부, 비자 신청용 영문 1부를 급히 발급 요청합니다."
SR10405,2026-05-03 04:29:00,2026-05-03 21:42:36,Hardware,3 - Moderate,Hardware Support,노트북 전원 불량 및 켜지지 않음,어제 저녁까지 잘 쓰던 노트북이 오늘 아침에 전원 버튼을 눌러도 반응이 없고 충전 표시등도 켜지지 않습니다.
SR10406,2026-05-21 15:48:00,2026-05-22 01:11:31,HR,2 - High,Service Desk,사원증 분실로 인한 재발급 신청,출근 중 사원증을 분실하여 재발급을 요청합니다. 출입 권한 이전도 같이 요청합니다.
SR10407,2026-01-21 16:28:00,2026-01-23 00:10:13,HR,3 - Moderate,HR Team,올해 연차 잔여 일수 확인 요청,포털에 표시되는 잔여 연차 일수와 실제 사용 일수가 상이한 것 같아 정확한 확인을 요청합니다.
SR10408,2026-05-25 03:03:00,2026-05-26 02:22:52,HR,3 - Moderate,Service Desk,재직증명서 국문 및 영문 발급 요청,"은행 제출용 재직증명서 국문 1부, 비자 신청용 영문 1부를 급히 발급 요청합니다."
SR10409,2026-05-18 04:10:00,2026-05-19 18:32:09,HR,3 - Moderate,HR Team,사내 교육 수강 이력 반영 요청,지난주 완료한 직무 교육 수강 확인서를 첨부하오니 교육 이력에 반영해 주시기 바랍니다.
SR10410,2026-02-22 22:37:00,2026-02-23 02:10:55,Software,3 - Moderate,Service Desk,개발 IDE 라이선스 만료 및 갱신,사용 중인 IntelliJ 개발 라이선스가 만료되어 실행이 되지 않습니다. 라이선스 키 갱신 또는 재발급 요청합니다.
SR10411,2026-04-25 01:29:00,2026-04-25 03:38:37,Access,3 - Moderate,Security Team,보안 서버 접근용 SSH 키 등록,운영 서버 점검을 위해 개발자 공개 SSH 키 등록을 요청합니다.
SR10412,2026-05-25 01:35:00,2026-05-25 12:12:59,Hardware,3 - Moderate,Service Desk,회의실 빔프로젝터 연결 케이블 파손,대회의실 빔프로젝터에 연결하는 HDMI 케이블 단자가 파손되어 화면 출력이 되지 않습니다. 교체 바랍니다.
SR10413,2026-04-12 08:52:00,2026-04-12 10:15:45,Access,3 - Moderate,Service Desk,신규 프로젝트 공유 폴더 접근 권한 신청,이번에 신규 생성된 공유 폴더인 'Project_2026'에 대한 읽기/쓰기 권한 부여를 신청합니다.
SR10414,2026-01-19 01:27:00,2026-01-19 07:45:51,Network,3 - Moderate,Network Support,방화벽 포트 오픈 신청,신규 개발 시스템 구축을 위해 개발망과 운영망 간의 특정 포트 오픈이 필요합니다.
SR10415,2026-01-16 02:59:00,2026-01-16 10:20:40,Software,3 - Moderate,Software Support,데이터베이스 클라이언트 툴 설치 요청,업무를 위해 DBeaver 설치가 필요합니다. 사내 소프트웨어 포털에서 설치가 안 되어 지원 요청합니다.
SR10416,2026-04-15 05:49:00,2026-04-15 06:50:01,Access,1 - Critical,Security Team,신규 입사자 시스템 권한 일괄 신청,"다음 주 입사 예정인 신입 사원의 메일, 메신저, 사내 시스템 접근 권한 일괄 생성을 요청합니다."
SR10417,2026-04-08 14:55:00,2026-04-08 16:58:55,Hardware,2 - High,Service Desk,마우스 및 키보드 교체 요청,"키보드의 특정 키가 눌린 채로 안 올라오고, 마우스 휠이 정상적으로 작동하지 않아 업무에 지장이 있습니다. 새 장비로 교체 요청합니다."
SR10418,2026-05-19 04:41:00,2026-05-19 06:06:15,Access,3 - Moderate,Service Desk,신규 프로젝트 공유 폴더 접근 권한 신청,이번에 신규 생성된 공유 폴더인 'Project_2026'에 대한 읽기/쓰기 권한 부여를 신청합니다.
SR10419,2026-05-18 12:33:00,2026-05-18 19:01:14,Software,3 - Moderate,Software Support,MS Office 365 로그인 인증 오류,아웃룩과 액셀 실행 시 라이선스 인증 창이 계속 뜨며 정품 인증이 풀리는 현상이 있습니다.
SR10420,2026-01-06 09:29:00,2026-01-06 17:00:25,Hardware,2 - High,Hardware Support,듀얼 모니터 미인식 문제,모니터를 새로 연결했는데 PC에서 듀얼 모니터 인식이 안 되고 화면이 나오지 않습니다.
SR10421,2026-04-08 07:15:00,2026-04-09 06:38:34,HR,3 - Moderate,Service Desk,사내 교육 수강 이력 반영 요청,지난주 완료한 직무 교육 수강 확인서를 첨부하오니 교육 이력에 반영해 주시기 바랍니다.
SR10422,2026-03-12 06:59:00,2026-03-12 08:27:20,Access,3 - Moderate,Service Desk,사내 인트라넷 계정 잠금 해제 요청,비밀번호를 5회 잘못 입력하여 사내 포털 계정이 잠겼습니다. 잠금 해제 및 임시 비밀번호 발급 부탁드립니다.
SR10423,2026-01-05 07:13:00,2026-01-05 14:10:35,Network,4 - Low,Network Support,네트워크 스위치 재부팅 요청,개발 서버 대역의 네트워크 연결 상태가 불안정하여 스위치 장비 확인 및 재부팅을 요청합니다.
SR10424,2026-01-09 14:38:00,2026-01-09 20:01:29,Network,3 - Moderate,Network Support,방화벽 포트 오픈 신청,신규 개발 시스템 구축을 위해 개발망과 운영망 간의 특정 포트 오픈이 필요합니다.
SR10425,2026-04-13 14:14:00,2026-04-13 18:31:10,Network,3 - Moderate,Network Support,인터넷 연결 끊김 장애,오늘 아침부터 특정 층 전체 인터넷 연결이 끊겼습니다. 급한 업무가 많은데 빠른 확인 부탁드립니다.
SR10426,2026-02-05 16:18:00,2026-02-06 23:33:55,HR,3 - Moderate,HR Team,재직증명서 국문 및 영문 발급 요청,"은행 제출용 재직증명서 국문 1부, 비자 신청용 영문 1부를 급히 발급 요청합니다."
SR10427,2026-03-24 07:19:00,2026-03-24 19:16:02,Hardware,3 - Moderate,Service Desk,PC 메모리 추가 장착 요청,최근 코딩 작업 시 메모리 부족으로 인해 PC 속도가 급격히 느려집니다. 기존 8GB에서 16GB로 업그레이드 요청합니다.
SR10428,2026-03-18 08:03:00,2026-03-19 07:07:12,Hardware,4 - Low,Hardware Support,회의실 빔프로젝터 연결 케이블 파손,대회의실 빔프로젝터에 연결하는 HDMI 케이블 단자가 파손되어 화면 출력이 되지 않습니다. 교체 바랍니다.
SR10429,2026-05-23 15:03:00,2026-05-24 23:19:05,HR,3 - Moderate,HR Team,사원증 분실로 인한 재발급 신청,출근 중 사원증을 분실하여 재발급을 요청합니다. 출입 권한 이전도 같이 요청합니다.
SR10430,2026-03-23 22:26:00,2026-03-24 02:49:29,Software,3 - Moderate,Service Desk,데이터베이스 클라이언트 툴 설치 요청,업무를 위해 DBeaver 설치가 필요합니다. 사내 소프트웨어 포털에서 설치가 안 되어 지원 요청합니다.
SR10431,2026-04-07 05:48:00,2026-04-07 09:10:00,Access,3 - Moderate,Security Team,신규 입사자 시스템 권한 일괄 신청,"다음 주 입사 예정인 신입 사원의 메일, 메신저, 사내 시스템 접근 권한 일괄 생성을 요청합니다."
SR10432,2026-02-27 09:54:00,2026-02-28 08:02:47,HR,3 - Moderate,Service Desk,올해 연차 잔여 일수 확인 요청,포털에 표시되는 잔여 연차 일수와 실제 사용 일수가 상이한 것 같아 정확한 확인을 요청합니다.
SR10433,2026-05-24 13:26:00,2026-05-24 16:04:27,Hardware,1 - Critical,Service Desk,듀얼 모니터 미인식 문제,모니터를 새로 연결했는데 PC에서 듀얼 모니터 인식이 안 되고 화면이 나오지 않습니다.
SR10434,2026-03-04 08:13:00,2026-03-05 15:50:27,HR,3 - Moderate,HR Team,사원증 분실로 인한 재발급 신청,출근 중 사원증을 분실하여 재발급을 요청합니다. 출입 권한 이전도 같이 요청합니다.
SR10435,2026-04-05 02:34:00,2026-04-05 11:03:11,Software,4 - Low,Software Support,Git 클라이언트 소스 동기화 에러,로컬 저장소에서 원격 저장소로 push를 할 때 권한 오류 또는 알 수 없는 오류로 실패합니다.
SR10436,2026-04-07 21:38:00,2026-04-08 21:15:56,Hardware,4 - Low,Hardware Support,마우스 및 키보드 교체 요청,"키보드의 특정 키가 눌린 채로 안 올라오고, 마우스 휠이 정상적으로 작동하지 않아 업무에 지장이 있습니다. 새 장비로 교체 요청합니다."
SR10437,2026-02-18 18:46:00,2026-02-21 02:33:01,HR,4 - Low,HR Team,재직증명서 국문 및 영문 발급 요청,"은행 제출용 재직증명서 국문 1부, 비자 신청용 영문 1부를 급히 발급 요청합니다."
SR10438,2026-02-23 10:19:00,2026-02-24 11:00:27,HR,3 - Moderate,HR Team,사원증 분실로 인한 재발급 신청,출근 중 사원증을 분실하여 재발급을 요청합니다. 출입 권한 이전도 같이 요청합니다.
SR10439,2026-01-31 23:48:00,2026-02-01 01:57:37,Network,2 - High,Network Support,사내 VPN 접속 오류 발생,외부 출장 중에 사내 VPN에 접속하려고 하면 403 에러가 발생하며 로그인이 되지 않습니다.
SR10440,2026-02-22 12:58:00,2026-02-22 13:51:14,Access,2 - High,Security Team,보안 서버 접근용 SSH 키 등록,운영 서버 점검을 위해 개발자 공개 SSH 키 등록을 요청합니다.
SR10441,2026-04-08 14:34:00,2026-04-09 02:28:00,Hardware,3 - Moderate,Service Desk,마우스 및 키보드 교체 요청,"키보드의 특정 키가 눌린 채로 안 올라오고, 마우스 휠이 정상적으로 작동하지 않아 업무에 지장이 있습니다. 새 장비로 교체 요청합니다."
SR10442,2026-04-03 16:56:00,2026-04-03 19:48:55,Software,2 - High,Service Desk,신규 백신 프로그램 설치 실패,사내 보안 정책에 따라 백신 프로그램을 설치하려는데 설치 도중 에러가 나면서 롤백됩니다. 설치 지원 요청합니다.
SR10443,2026-05-01 10:58:00,2026-05-01 12:17:38,Access,3 - Moderate,Service Desk,신규 프로젝트 공유 폴더 접근 권한 신청,이번에 신규 생성된 공유 폴더인 'Project_2026'에 대한 읽기/쓰기 권한 부여를 신청합니다.
SR10444,2026-04-16 01:36:00,2026-04-16 12:45:43,Hardware,3 - Moderate,Service Desk,마우스 및 키보드 교체 요청,"키보드의 특정 키가 눌린 채로 안 올라오고, 마우스 휠이 정상적으로 작동하지 않아 업무에 지장이 있습니다. 새 장비로 교체 요청합니다."
SR10445,2026-03-08 17:59:00,2026-03-09 08:53:34,Hardware,3 - Moderate,Hardware Support,듀얼 모니터 미인식 문제,모니터를 새로 연결했는데 PC에서 듀얼 모니터 인식이 안 되고 화면이 나오지 않습니다.
SR10446,2026-02-09 06:21:00,2026-02-10 04:07:05,HR,3 - Moderate,Service Desk,경조사 휴가 및 경조금 신청,가족 상가로 인한 특별 휴가 신청서와 경조금 지급 신청서류를 제출합니다.
SR10447,2026-03-04 15:35:00,2026-03-05 04:10:24,Hardware,3 - Moderate,Service Desk,PC 메모리 추가 장착 요청,최근 코딩 작업 시 메모리 부족으로 인해 PC 속도가 급격히 느려집니다. 기존 8GB에서 16GB로 업그레이드 요청합니다.
SR10448,2026-05-06 14:10:00,2026-05-06 20:48:26,Software,4 - Low,Service Desk,Git 클라이언트 소스 동기화 에러,로컬 저장소에서 원격 저장소로 push를 할 때 권한 오류 또는 알 수 없는 오류로 실패합니다.
SR10449,2026-05-20 15:11:00,2026-05-20 20:27:04,Software,3 - Moderate,Software Support,MS Office 365 로그인 인증 오류,아웃룩과 액셀 실행 시 라이선스 인증 창이 계속 뜨며 정품 인증이 풀리는 현상이 있습니다.
SR10450,2026-01-09 02:52:00,2026-01-10 20:36:41,HR,3 - Moderate,HR Team,사내 교육 수강 이력 반영 요청,지난주 완료한 직무 교육 수강 확인서를 첨부하오니 교육 이력에 반영해 주시기 바랍니다.
SR10451,2026-02-05 20:14:00,2026-02-06 03:37:17,Network,4 - Low,Network Support,네트워크 스위치 재부팅 요청,개발 서버 대역의 네트워크 연결 상태가 불안정하여 스위치 장비 확인 및 재부팅을 요청합니다.
SR10452,2026-02-25 16:29:00,2026-02-25 19:30:57,Network,3 - Moderate,Network Support,인터넷 연결 끊김 장애,오늘 아침부터 특정 층 전체 인터넷 연결이 끊겼습니다. 급한 업무가 많은데 빠른 확인 부탁드립니다.
SR10453,2026-05-04 21:31:00,2026-05-05 03:08:02,Software,3 - Moderate,Software Support,데이터베이스 클라이언트 툴 설치 요청,업무를 위해 DBeaver 설치가 필요합니다. 사내 소프트웨어 포털에서 설치가 안 되어 지원 요청합니다.
SR10454,2026-05-22 13:00:00,2026-05-22 19:00:20,Network,3 - Moderate,Network Support,방화벽 포트 오픈 신청,신규 개발 시스템 구축을 위해 개발망과 운영망 간의 특정 포트 오픈이 필요합니다.
SR10455,2026-03-15 00:32:00,2026-03-15 04:03:56,Network,3 - Moderate,Service Desk,방화벽 포트 오픈 신청,신규 개발 시스템 구축을 위해 개발망과 운영망 간의 특정 포트 오픈이 필요합니다.
SR10456,2026-01-25 16:09:00,2026-01-25 18:30:57,Access,3 - Moderate,Security Team,신규 프로젝트 공유 폴더 접근 권한 신청,이번에 신규 생성된 공유 폴더인 'Project_2026'에 대한 읽기/쓰기 권한 부여를 신청합니다.
SR10457,2026-05-15 08:52:00,2026-05-16 00:45:40,Hardware,3 - Moderate,Hardware Support,PC 메모리 추가 장착 요청,최근 코딩 작업 시 메모리 부족으로 인해 PC 속도가 급격히 느려집니다. 기존 8GB에서 16GB로 업그레이드 요청합니다.
SR10458,2026-01-21 11:25:00,2026-01-21 15:08:14,Software,3 - Moderate,Service Desk,Git 클라이언트 소스 동기화 에러,로컬 저장소에서 원격 저장소로 push를 할 때 권한 오류 또는 알 수 없는 오류로 실패합니다.
SR10459,2026-03-18 21:52:00,2026-03-19 02:13:28,Access,4 - Low,Security Team,사내 인트라넷 계정 잠금 해제 요청,비밀번호를 5회 잘못 입력하여 사내 포털 계정이 잠겼습니다. 잠금 해제 및 임시 비밀번호 발급 부탁드립니다.
SR10460,2026-04-14 12:24:00,2026-04-14 19:16:07,Network,4 - Low,Network Support,인터넷 연결 끊김 장애,오늘 아침부터 특정 층 전체 인터넷 연결이 끊겼습니다. 급한 업무가 많은데 빠른 확인 부탁드립니다.
SR10461,2026-01-03 22:10:00,2026-01-04 07:32:22,HR,2 - High,Service Desk,재직증명서 국문 및 영문 발급 요청,"은행 제출용 재직증명서 국문 1부, 비자 신청용 영문 1부를 급히 발급 요청합니다."
SR10462,2026-03-26 18:54:00,2026-03-27 00:24:00,Network,4 - Low,Service Desk,네트워크 스위치 재부팅 요청,개발 서버 대역의 네트워크 연결 상태가 불안정하여 스위치 장비 확인 및 재부팅을 요청합니다.
SR10463,2026-02-24 22:56:00,2026-02-25 03:33:05,Network,3 - Moderate,Network Support,사내 VPN 접속 오류 발생,외부 출장 중에 사내 VPN에 접속하려고 하면 403 에러가 발생하며 로그인이 되지 않습니다.
SR10464,2026-01-12 02:43:00,2026-01-12 20:03:12,HR,3 - Moderate,Service Desk,경조사 휴가 및 경조금 신청,가족 상가로 인한 특별 휴가 신청서와 경조금 지급 신청서류를 제출합니다.
SR10465,2026-03-22 00:13:00,2026-03-22 02:39:55,Software,2 - High,Software Support,MS Office 365 로그인 인증 오류,아웃룩과 액셀 실행 시 라이선스 인증 창이 계속 뜨며 정품 인증이 풀리는 현상이 있습니다.
SR10466,2026-01-20 09:10:00,2026-01-21 13:15:42,HR,3 - Moderate,HR Team,사원증 분실로 인한 재발급 신청,출근 중 사원증을 분실하여 재발급을 요청합니다. 출입 권한 이전도 같이 요청합니다.
SR10467,2026-04-10 21:57:00,2026-04-13 05:19:23,HR,4 - Low,HR Team,사내 교육 수강 이력 반영 요청,지난주 완료한 직무 교육 수강 확인서를 첨부하오니 교육 이력에 반영해 주시기 바랍니다.
SR10468,2026-02-05 22:46:00,2026-02-07 03:19:14,HR,4 - Low,Service Desk,사원증 분실로 인한 재발급 신청,출근 중 사원증을 분실하여 재발급을 요청합니다. 출입 권한 이전도 같이 요청합니다.
SR10469,2026-01-26 13:14:00,2026-01-26 15:13:48,Network,3 - Moderate,Service Desk,인터넷 연결 끊김 장애,오늘 아침부터 특정 층 전체 인터넷 연결이 끊겼습니다. 급한 업무가 많은데 빠른 확인 부탁드립니다.
SR10470,2026-04-12 10:01:00,2026-04-12 14:26:40,Network,3 - Moderate,Service Desk,방화벽 포트 오픈 신청,신규 개발 시스템 구축을 위해 개발망과 운영망 간의 특정 포트 오픈이 필요합니다.
SR10471,2026-02-28 11:35:00,2026-02-28 15:09:07,Software,3 - Moderate,Service Desk,Git 클라이언트 소스 동기화 에러,로컬 저장소에서 원격 저장소로 push를 할 때 권한 오류 또는 알 수 없는 오류로 실패합니다.
SR10472,2026-05-30 21:24:00,2026-05-31 00:23:57,Access,3 - Moderate,Service Desk,사내 인트라넷 계정 잠금 해제 요청,비밀번호를 5회 잘못 입력하여 사내 포털 계정이 잠겼습니다. 잠금 해제 및 임시 비밀번호 발급 부탁드립니다.
SR10473,2026-01-19 02:17:00,2026-01-19 05:17:36,Network,3 - Moderate,Service Desk,사내 VPN 접속 오류 발생,외부 출장 중에 사내 VPN에 접속하려고 하면 403 에러가 발생하며 로그인이 되지 않습니다.
SR10474,2026-04-10 10:23:00,2026-04-10 14:31:50,Hardware,2 - High,Service Desk,노트북 전원 불량 및 켜지지 않음,어제 저녁까지 잘 쓰던 노트북이 오늘 아침에 전원 버튼을 눌러도 반응이 없고 충전 표시등도 켜지지 않습니다.
SR10475,2026-03-20 14:23:00,2026-03-20 16:35:00,Network,2 - High,Network Support,인터넷 연결 끊김 장애,오늘 아침부터 특정 층 전체 인터넷 연결이 끊겼습니다. 급한 업무가 많은데 빠른 확인 부탁드립니다.
SR10476,2026-01-23 05:27:00,2026-01-23 14:28:52,Software,4 - Low,Software Support,MS Office 365 로그인 인증 오류,아웃룩과 액셀 실행 시 라이선스 인증 창이 계속 뜨며 정품 인증이 풀리는 현상이 있습니다.
SR10477,2026-01-07 02:22:00,2026-01-07 04:52:09,Access,3 - Moderate,Service Desk,신규 프로젝트 공유 폴더 접근 권한 신청,이번에 신규 생성된 공유 폴더인 'Project_2026'에 대한 읽기/쓰기 권한 부여를 신청합니다.
SR10478,2026-03-25 12:00:00,2026-03-25 22:32:12,HR,2 - High,HR Team,사내 교육 수강 이력 반영 요청,지난주 완료한 직무 교육 수강 확인서를 첨부하오니 교육 이력에 반영해 주시기 바랍니다.
SR10479,2026-01-22 23:57:00,2026-01-23 02:53:04,Software,3 - Moderate,Service Desk,Git 클라이언트 소스 동기화 에러,로컬 저장소에서 원격 저장소로 push를 할 때 권한 오류 또는 알 수 없는 오류로 실패합니다.
SR10480,2026-05-14 05:43:00,2026-05-15 15:13:16,HR,3 - Moderate,HR Team,사내 교육 수강 이력 반영 요청,지난주 완료한 직무 교육 수강 확인서를 첨부하오니 교육 이력에 반영해 주시기 바랍니다.
SR10481,2026-03-10 09:17:00,2026-03-10 12:24:00,Access,3 - Moderate,Security Team,사내 인트라넷 계정 잠금 해제 요청,비밀번호를 5회 잘못 입력하여 사내 포털 계정이 잠겼습니다. 잠금 해제 및 임시 비밀번호 발급 부탁드립니다.
SR10482,2026-02-12 13:17:00,2026-02-12 15:02:44,Access,3 - Moderate,Security Team,신규 프로젝트 공유 폴더 접근 권한 신청,이번에 신규 생성된 공유 폴더인 'Project_2026'에 대한 읽기/쓰기 권한 부여를 신청합니다.
SR10483,2026-01-20 11:16:00,2026-01-20 12:36:20,Access,3 - Moderate,Service Desk,Jira 및 Confluence 프로젝트 관리자 권한 부여,부서 이동으로 인해 특정 Jira 프로젝트의 관리 권한 인계가 필요합니다.
SR10484,2026-02-20 14:06:00,2026-02-21 11:55:04,Hardware,4 - Low,Service Desk,PC 메모리 추가 장착 요청,최근 코딩 작업 시 메모리 부족으로 인해 PC 속도가 급격히 느려집니다. 기존 8GB에서 16GB로 업그레이드 요청합니다.
SR10485,2026-04-12 10:53:00,2026-04-12 18:26:45,Hardware,3 - Moderate,Service Desk,듀얼 모니터 미인식 문제,모니터를 새로 연결했는데 PC에서 듀얼 모니터 인식이 안 되고 화면이 나오지 않습니다.
SR10486,2026-04-23 10:27:00,2026-04-24 06:30:50,HR,3 - Moderate,Service Desk,경조사 휴가 및 경조금 신청,가족 상가로 인한 특별 휴가 신청서와 경조금 지급 신청서류를 제출합니다.
SR10487,2026-03-24 19:44:00,2026-03-26 01:37:59,HR,3 - Moderate,HR Team,경조사 휴가 및 경조금 신청,가족 상가로 인한 특별 휴가 신청서와 경조금 지급 신청서류를 제출합니다.
SR10488,2026-02-15 12:20:00,2026-02-16 03:27:48,Hardware,4 - Low,Service Desk,마우스 및 키보드 교체 요청,"키보드의 특정 키가 눌린 채로 안 올라오고, 마우스 휠이 정상적으로 작동하지 않아 업무에 지장이 있습니다. 새 장비로 교체 요청합니다."
SR10489,2026-03-04 10:24:00,2026-03-04 18:14:36,Software,4 - Low,Service Desk,데이터베이스 클라이언트 툴 설치 요청,업무를 위해 DBeaver 설치가 필요합니다. 사내 소프트웨어 포털에서 설치가 안 되어 지원 요청합니다.
SR10490,2026-01-30 18:12:00,2026-01-31 00:08:09,Software,3 - Moderate,Service Desk,신규 백신 프로그램 설치 실패,사내 보안 정책에 따라 백신 프로그램을 설치하려는데 설치 도중 에러가 나면서 롤백됩니다. 설치 지원 요청합니다.
SR10491,2026-01-07 23:29:00,2026-01-09 20:05:29,HR,3 - Moderate,HR Team,사내 교육 수강 이력 반영 요청,지난주 완료한 직무 교육 수강 확인서를 첨부하오니 교육 이력에 반영해 주시기 바랍니다.
SR10492,2026-01-18 13:43:00,2026-01-18 17:51:00,Hardware,2 - High,Service Desk,마우스 및 키보드 교체 요청,"키보드의 특정 키가 눌린 채로 안 올라오고, 마우스 휠이 정상적으로 작동하지 않아 업무에 지장이 있습니다. 새 장비로 교체 요청합니다."
SR10493,2026-03-03 08:42:00,2026-03-03 11:29:41,Access,3 - Moderate,Security Team,신규 입사자 시스템 권한 일괄 신청,"다음 주 입사 예정인 신입 사원의 메일, 메신저, 사내 시스템 접근 권한 일괄 생성을 요청합니다."
SR10494,2026-01-19 14:38:00,2026-01-19 20:11:10,Hardware,2 - High,Service Desk,회의실 빔프로젝터 연결 케이블 파손,대회의실 빔프로젝터에 연결하는 HDMI 케이블 단자가 파손되어 화면 출력이 되지 않습니다. 교체 바랍니다.
SR10495,2026-05-10 22:26:00,2026-05-11 00:09:12,Access,3 - Moderate,Service Desk,보안 서버 접근용 SSH 키 등록,운영 서버 점검을 위해 개발자 공개 SSH 키 등록을 요청합니다.
SR10496,2026-05-18 19:40:00,2026-05-19 05:48:38,HR,1 - Critical,HR Team,경조사 휴가 및 경조금 신청,가족 상가로 인한 특별 휴가 신청서와 경조금 지급 신청서류를 제출합니다.
SR10497,2026-04-01 05:41:00,2026-04-01 10:43:42,Network,4 - Low,Network Support,사내 VPN 접속 오류 발생,외부 출장 중에 사내 VPN에 접속하려고 하면 403 에러가 발생하며 로그인이 되지 않습니다.
SR10498,2026-04-13 10:50:00,2026-04-15 03:47:55,HR,3 - Moderate,HR Team,사내 교육 수강 이력 반영 요청,지난주 완료한 직무 교육 수강 확인서를 첨부하오니 교육 이력에 반영해 주시기 바랍니다.
SR10499,2026-01-26 08:14:00,2026-01-26 10:49:36,Access,3 - Moderate,Security Team,신규 프로젝트 공유 폴더 접근 권한 신청,이번에 신규 생성된 공유 폴더인 'Project_2026'에 대한 읽기/쓰기 권한 부여를 신청합니다.
SR10500,2026-04-06 12:29:00,2026-04-07 19:26:00,HR,3 - Moderate,HR Team,사원증 분실로 인한 재발급 신청,출근 중 사원증을 분실하여 재발급을 요청합니다. 출입 권한 이전도 같이 요청합니다.
SR10501,2026-01-07 15:06:00,2026-01-08 18:27:18,HR,3 - Moderate,HR Team,경조사 휴가 및 경조금 신청,가족 상가로 인한 특별 휴가 신청서와 경조금 지급 신청서류를 제출합니다.
SR10502,2026-01-30 23:09:00,2026-01-31 07:46:10,Software,4 - Low,Service Desk,개발 IDE 라이선스 만료 및 갱신,사용 중인 IntelliJ 개발 라이선스가 만료되어 실행이 되지 않습니다. 라이선스 키 갱신 또는 재발급 요청합니다.
SR10503,2026-04-27 06:33:00,2026-04-27 12:41:19,Software,4 - Low,Service Desk,신규 백신 프로그램 설치 실패,사내 보안 정책에 따라 백신 프로그램을 설치하려는데 설치 도중 에러가 나면서 롤백됩니다. 설치 지원 요청합니다.
SR10504,2026-01-25 14:46:00,2026-01-25 15:37:09,Access,2 - High,Service Desk,Jira 및 Confluence 프로젝트 관리자 권한 부여,부서 이동으로 인해 특정 Jira 프로젝트의 관리 권한 인계가 필요합니다.
SR10505,2026-03-18 01:51:00,2026-03-18 03:02:57,Access,2 - High,Service Desk,신규 프로젝트 공유 폴더 접근 권한 신청,이번에 신규 생성된 공유 폴더인 'Project_2026'에 대한 읽기/쓰기 권한 부여를 신청합니다.
SR10506,2026-01-28 21:51:00,2026-01-29 02:25:56,Network,3 - Moderate,Network Support,와이파이 신호 불량 및 속도 저하,회의실 A에서 사내 와이파이 연결이 자주 끊기고 속도가 너무 느려서 회의 진행이 어렵습니다.
SR10507,2026-02-14 17:10:00,2026-02-15 12:17:43,Hardware,3 - Moderate,Hardware Support,PC 메모리 추가 장착 요청,최근 코딩 작업 시 메모리 부족으로 인해 PC 속도가 급격히 느려집니다. 기존 8GB에서 16GB로 업그레이드 요청합니다.
SR10508,2026-03-01 12:40:00,2026-03-01 16:09:39,Software,3 - Moderate,Service Desk,Git 클라이언트 소스 동기화 에러,로컬 저장소에서 원격 저장소로 push를 할 때 권한 오류 또는 알 수 없는 오류로 실패합니다.
SR10509,2026-04-12 00:47:00,2026-04-12 22:36:48,Hardware,4 - Low,Hardware Support,회의실 빔프로젝터 연결 케이블 파손,대회의실 빔프로젝터에 연결하는 HDMI 케이블 단자가 파손되어 화면 출력이 되지 않습니다. 교체 바랍니다.
SR10510,2026-04-20 12:00:00,2026-04-22 10:18:08,HR,4 - Low,HR Team,사원증 분실로 인한 재발급 신청,출근 중 사원증을 분실하여 재발급을 요청합니다. 출입 권한 이전도 같이 요청합니다.
SR10511,2026-01-17 18:06:00,2026-01-17 20:45:12,Hardware,1 - Critical,Hardware Support,마우스 및 키보드 교체 요청,"키보드의 특정 키가 눌린 채로 안 올라오고, 마우스 휠이 정상적으로 작동하지 않아 업무에 지장이 있습니다. 새 장비로 교체 요청합니다."
SR10512,2026-03-25 06:29:00,2026-03-25 13:12:41,HR,1 - Critical,HR Team,경조사 휴가 및 경조금 신청,가족 상가로 인한 특별 휴가 신청서와 경조금 지급 신청서류를 제출합니다.
SR10513,2026-05-16 20:20:00,2026-05-16 22:18:43,Network,3 - Moderate,Service Desk,네트워크 스위치 재부팅 요청,개발 서버 대역의 네트워크 연결 상태가 불안정하여 스위치 장비 확인 및 재부팅을 요청합니다.
SR10514,2026-04-11 18:07:00,2026-04-12 11:06:57,HR,3 - Moderate,Service Desk,사내 교육 수강 이력 반영 요청,지난주 완료한 직무 교육 수강 확인서를 첨부하오니 교육 이력에 반영해 주시기 바랍니다.
SR10515,2026-02-14 21:45:00,2026-02-15 03:13:02,Software,4 - Low,Service Desk,Git 클라이언트 소스 동기화 에러,로컬 저장소에서 원격 저장소로 push를 할 때 권한 오류 또는 알 수 없는 오류로 실패합니다.
SR10516,2026-03-22 03:15:00,2026-03-22 08:07:28,Software,3 - Moderate,Software Support,MS Office 365 로그인 인증 오류,아웃룩과 액셀 실행 시 라이선스 인증 창이 계속 뜨며 정품 인증이 풀리는 현상이 있습니다.
SR10517,2026-04-06 22:09:00,2026-04-07 03:46:55,Software,3 - Moderate,Software Support,MS Office 365 로그인 인증 오류,아웃룩과 액셀 실행 시 라이선스 인증 창이 계속 뜨며 정품 인증이 풀리는 현상이 있습니다.
SR10518,2026-02-05 18:24:00,2026-02-06 18:34:05,HR,3 - Moderate,Service Desk,사원증 분실로 인한 재발급 신청,출근 중 사원증을 분실하여 재발급을 요청합니다. 출입 권한 이전도 같이 요청합니다.
SR10519,2026-05-18 22:58:00,2026-05-19 01:45:35,Access,3 - Moderate,Security Team,Jira 및 Confluence 프로젝트 관리자 권한 부여,부서 이동으로 인해 특정 Jira 프로젝트의 관리 권한 인계가 필요합니다.
SR10520,2026-03-15 04:11:00,2026-03-16 01:22:58,Hardware,4 - Low,Hardware Support,회의실 빔프로젝터 연결 케이블 파손,대회의실 빔프로젝터에 연결하는 HDMI 케이블 단자가 파손되어 화면 출력이 되지 않습니다. 교체 바랍니다.
SR10521,2026-01-14 11:00:00,2026-01-14 17:10:03,Software,4 - Low,Service Desk,데이터베이스 클라이언트 툴 설치 요청,업무를 위해 DBeaver 설치가 필요합니다. 사내 소프트웨어 포털에서 설치가 안 되어 지원 요청합니다.
SR10522,2026-04-09 17:32:00,2026-04-09 20:10:28,Access,3 - Moderate,Security Team,사내 인트라넷 계정 잠금 해제 요청,비밀번호를 5회 잘못 입력하여 사내 포털 계정이 잠겼습니다. 잠금 해제 및 임시 비밀번호 발급 부탁드립니다.
SR10523,2026-04-17 22:53:00,2026-04-18 00:58:52,Access,3 - Moderate,Service Desk,Jira 및 Confluence 프로젝트 관리자 권한 부여,부서 이동으로 인해 특정 Jira 프로젝트의 관리 권한 인계가 필요합니다.
SR10524,2026-01-22 18:01:00,2026-01-22 21:29:12,Access,4 - Low,Service Desk,사내 인트라넷 계정 잠금 해제 요청,비밀번호를 5회 잘못 입력하여 사내 포털 계정이 잠겼습니다. 잠금 해제 및 임시 비밀번호 발급 부탁드립니다.
SR10525,2026-03-12 07:34:00,2026-03-12 16:47:41,Hardware,3 - Moderate,Service Desk,듀얼 모니터 미인식 문제,모니터를 새로 연결했는데 PC에서 듀얼 모니터 인식이 안 되고 화면이 나오지 않습니다.
SR10526,2026-05-25 23:49:00,2026-05-26 05:37:48,Software,3 - Moderate,Software Support,Git 클라이언트 소스 동기화 에러,로컬 저장소에서 원격 저장소로 push를 할 때 권한 오류 또는 알 수 없는 오류로 실패합니다.
SR10527,2026-01-30 08:49:00,2026-01-30 11:08:52,Access,3 - Moderate,Security Team,보안 서버 접근용 SSH 키 등록,운영 서버 점검을 위해 개발자 공개 SSH 키 등록을 요청합니다.
SR10528,2026-01-11 23:28:00,2026-01-13 15:16:20,HR,4 - Low,Service Desk,사내 교육 수강 이력 반영 요청,지난주 완료한 직무 교육 수강 확인서를 첨부하오니 교육 이력에 반영해 주시기 바랍니다.
SR10529,2026-01-27 23:53:00,2026-01-28 14:45:03,HR,2 - High,HR Team,사원증 분실로 인한 재발급 신청,출근 중 사원증을 분실하여 재발급을 요청합니다. 출입 권한 이전도 같이 요청합니다.
SR10530,2026-04-26 08:22:00,2026-04-27 00:02:25,Hardware,4 - Low,Service Desk,듀얼 모니터 미인식 문제,모니터를 새로 연결했는데 PC에서 듀얼 모니터 인식이 안 되고 화면이 나오지 않습니다.
SR10531,2026-03-02 06:51:00,2026-03-02 11:02:12,Network,4 - Low,Service Desk,인터넷 연결 끊김 장애,오늘 아침부터 특정 층 전체 인터넷 연결이 끊겼습니다. 급한 업무가 많은데 빠른 확인 부탁드립니다.
SR10532,2026-04-20 05:39:00,2026-04-21 02:11:25,HR,3 - Moderate,Service Desk,사내 교육 수강 이력 반영 요청,지난주 완료한 직무 교육 수강 확인서를 첨부하오니 교육 이력에 반영해 주시기 바랍니다.
SR10533,2026-01-16 18:22:00,2026-01-16 22:32:54,Hardware,1 - Critical,Hardware Support,노트북 전원 불량 및 켜지지 않음,어제 저녁까지 잘 쓰던 노트북이 오늘 아침에 전원 버튼을 눌러도 반응이 없고 충전 표시등도 켜지지 않습니다.
SR10534,2026-05-18 05:20:00,2026-05-20 00:37:10,HR,4 - Low,Service Desk,사내 교육 수강 이력 반영 요청,지난주 완료한 직무 교육 수강 확인서를 첨부하오니 교육 이력에 반영해 주시기 바랍니다.
SR10535,2026-03-10 16:57:00,2026-03-10 22:11:32,Software,3 - Moderate,Service Desk,데이터베이스 클라이언트 툴 설치 요청,업무를 위해 DBeaver 설치가 필요합니다. 사내 소프트웨어 포털에서 설치가 안 되어 지원 요청합니다.
SR10536,2026-01-16 08:55:00,2026-01-16 11:32:29,Network,2 - High,Network Support,네트워크 스위치 재부팅 요청,개발 서버 대역의 네트워크 연결 상태가 불안정하여 스위치 장비 확인 및 재부팅을 요청합니다.
SR10537,2026-02-07 22:20:00,2026-02-08 11:22:12,Hardware,3 - Moderate,Hardware Support,노트북 전원 불량 및 켜지지 않음,어제 저녁까지 잘 쓰던 노트북이 오늘 아침에 전원 버튼을 눌러도 반응이 없고 충전 표시등도 켜지지 않습니다.
SR10538,2026-02-06 18:40:00,2026-02-07 02:55:59,Hardware,3 - Moderate,Service Desk,회의실 빔프로젝터 연결 케이블 파손,대회의실 빔프로젝터에 연결하는 HDMI 케이블 단자가 파손되어 화면 출력이 되지 않습니다. 교체 바랍니다.
SR10539,2026-04-26 02:40:00,2026-04-26 06:29:46,Software,3 - Moderate,Service Desk,Git 클라이언트 소스 동기화 에러,로컬 저장소에서 원격 저장소로 push를 할 때 권한 오류 또는 알 수 없는 오류로 실패합니다.
SR10540,2026-03-13 22:59:00,2026-03-14 02:38:54,Network,3 - Moderate,Service Desk,방화벽 포트 오픈 신청,신규 개발 시스템 구축을 위해 개발망과 운영망 간의 특정 포트 오픈이 필요합니다.
SR10541,2026-03-25 18:00:00,2026-03-25 22:33:24,Software,3 - Moderate,Service Desk,Git 클라이언트 소스 동기화 에러,로컬 저장소에서 원격 저장소로 push를 할 때 권한 오류 또는 알 수 없는 오류로 실패합니다.
SR10542,2026-01-17 17:25:00,2026-01-17 18:06:46,Network,1 - Critical,Service Desk,와이파이 신호 불량 및 속도 저하,회의실 A에서 사내 와이파이 연결이 자주 끊기고 속도가 너무 느려서 회의 진행이 어렵습니다.
SR10543,2026-05-07 08:20:00,2026-05-07 16:41:40,Hardware,3 - Moderate,Service Desk,노트북 전원 불량 및 켜지지 않음,어제 저녁까지 잘 쓰던 노트북이 오늘 아침에 전원 버튼을 눌러도 반응이 없고 충전 표시등도 켜지지 않습니다.
SR10544,2026-05-28 04:36:00,2026-05-28 10:19:16,Software,3 - Moderate,Service Desk,데이터베이스 클라이언트 툴 설치 요청,업무를 위해 DBeaver 설치가 필요합니다. 사내 소프트웨어 포털에서 설치가 안 되어 지원 요청합니다.
SR10545,2026-01-12 03:40:00,2026-01-12 06:21:36,Access,4 - Low,Service Desk,신규 프로젝트 공유 폴더 접근 권한 신청,이번에 신규 생성된 공유 폴더인 'Project_2026'에 대한 읽기/쓰기 권한 부여를 신청합니다.
SR10546,2026-02-10 14:29:00,2026-02-10 17:35:38,Access,3 - Moderate,Security Team,신규 프로젝트 공유 폴더 접근 권한 신청,이번에 신규 생성된 공유 폴더인 'Project_2026'에 대한 읽기/쓰기 권한 부여를 신청합니다.
SR10547,2026-02-03 20:19:00,2026-02-03 21:19:21,Network,2 - High,Service Desk,사내 VPN 접속 오류 발생,외부 출장 중에 사내 VPN에 접속하려고 하면 403 에러가 발생하며 로그인이 되지 않습니다.
SR10548,2026-04-03 08:05:00,2026-04-03 22:00:25,Hardware,3 - Moderate,Service Desk,듀얼 모니터 미인식 문제,모니터를 새로 연결했는데 PC에서 듀얼 모니터 인식이 안 되고 화면이 나오지 않습니다.
SR10549,2026-04-12 20:19:00,2026-04-13 03:47:00,Software,3 - Moderate,Software Support,개발 IDE 라이선스 만료 및 갱신,사용 중인 IntelliJ 개발 라이선스가 만료되어 실행이 되지 않습니다. 라이선스 키 갱신 또는 재발급 요청합니다.
SR10550,2026-01-25 00:13:00,2026-01-25 08:14:21,Hardware,3 - Moderate,Service Desk,듀얼 모니터 미인식 문제,모니터를 새로 연결했는데 PC에서 듀얼 모니터 인식이 안 되고 화면이 나오지 않습니다.
SR10551,2026-02-27 16:43:00,2026-02-27 19:51:04,Access,3 - Moderate,Security Team,사내 인트라넷 계정 잠금 해제 요청,비밀번호를 5회 잘못 입력하여 사내 포털 계정이 잠겼습니다. 잠금 해제 및 임시 비밀번호 발급 부탁드립니다.
SR10552,2026-03-29 03:55:00,2026-03-29 04:37:36,Access,1 - Critical,Security Team,신규 프로젝트 공유 폴더 접근 권한 신청,이번에 신규 생성된 공유 폴더인 'Project_2026'에 대한 읽기/쓰기 권한 부여를 신청합니다.
SR10553,2026-01-19 07:24:00,2026-01-19 08:22:49,Access,2 - High,Security Team,Jira 및 Confluence 프로젝트 관리자 권한 부여,부서 이동으로 인해 특정 Jira 프로젝트의 관리 권한 인계가 필요합니다.
SR10554,2026-03-22 11:56:00,2026-03-22 16:14:52,Network,3 - Moderate,Network Support,인터넷 연결 끊김 장애,오늘 아침부터 특정 층 전체 인터넷 연결이 끊겼습니다. 급한 업무가 많은데 빠른 확인 부탁드립니다.
SR10555,2026-02-04 20:43:00,2026-02-05 02:55:31,Software,3 - Moderate,Software Support,Git 클라이언트 소스 동기화 에러,로컬 저장소에서 원격 저장소로 push를 할 때 권한 오류 또는 알 수 없는 오류로 실패합니다.
SR10556,2026-05-25 00:39:00,2026-05-25 10:39:16,Hardware,2 - High,Hardware Support,PC 메모리 추가 장착 요청,최근 코딩 작업 시 메모리 부족으로 인해 PC 속도가 급격히 느려집니다. 기존 8GB에서 16GB로 업그레이드 요청합니다.
SR10557,2026-02-24 20:47:00,2026-02-25 04:56:45,Hardware,3 - Moderate,Service Desk,마우스 및 키보드 교체 요청,"키보드의 특정 키가 눌린 채로 안 올라오고, 마우스 휠이 정상적으로 작동하지 않아 업무에 지장이 있습니다. 새 장비로 교체 요청합니다."
SR10558,2026-04-24 06:05:00,2026-04-24 13:26:36,Hardware,1 - Critical,Service Desk,PC 메모리 추가 장착 요청,최근 코딩 작업 시 메모리 부족으로 인해 PC 속도가 급격히 느려집니다. 기존 8GB에서 16GB로 업그레이드 요청합니다.
SR10559,2026-05-31 23:24:00,2026-06-01 05:19:54,Network,4 - Low,Network Support,인터넷 연결 끊김 장애,오늘 아침부터 특정 층 전체 인터넷 연결이 끊겼습니다. 급한 업무가 많은데 빠른 확인 부탁드립니다.
SR10560,2026-02-05 07:17:00,2026-02-05 11:43:58,Software,3 - Moderate,Service Desk,신규 백신 프로그램 설치 실패,사내 보안 정책에 따라 백신 프로그램을 설치하려는데 설치 도중 에러가 나면서 롤백됩니다. 설치 지원 요청합니다.
SR10561,2026-03-14 22:01:00,2026-03-15 08:13:33,Network,4 - Low,Network Support,방화벽 포트 오픈 신청,신규 개발 시스템 구축을 위해 개발망과 운영망 간의 특정 포트 오픈이 필요합니다.
SR10562,2026-05-11 06:47:00,2026-05-11 10:29:11,Software,2 - High,Software Support,데이터베이스 클라이언트 툴 설치 요청,업무를 위해 DBeaver 설치가 필요합니다. 사내 소프트웨어 포털에서 설치가 안 되어 지원 요청합니다.
SR10563,2026-03-03 15:24:00,2026-03-03 18:53:26,Access,4 - Low,Service Desk,신규 프로젝트 공유 폴더 접근 권한 신청,이번에 신규 생성된 공유 폴더인 'Project_2026'에 대한 읽기/쓰기 권한 부여를 신청합니다.
SR10564,2026-01-19 16:56:00,2026-01-19 21:58:26,Network,3 - Moderate,Network Support,네트워크 스위치 재부팅 요청,개발 서버 대역의 네트워크 연결 상태가 불안정하여 스위치 장비 확인 및 재부팅을 요청합니다.
SR10565,2026-02-03 12:55:00,2026-02-03 17:25:34,Network,3 - Moderate,Service Desk,와이파이 신호 불량 및 속도 저하,회의실 A에서 사내 와이파이 연결이 자주 끊기고 속도가 너무 느려서 회의 진행이 어렵습니다.
SR10566,2026-05-20 21:11:00,2026-05-21 03:04:10,HR,2 - High,Service Desk,경조사 휴가 및 경조금 신청,가족 상가로 인한 특별 휴가 신청서와 경조금 지급 신청서류를 제출합니다.
SR10567,2026-05-31 02:00:00,2026-05-31 04:54:48,Access,3 - Moderate,Security Team,신규 프로젝트 공유 폴더 접근 권한 신청,이번에 신규 생성된 공유 폴더인 'Project_2026'에 대한 읽기/쓰기 권한 부여를 신청합니다.
SR10568,2026-01-16 12:32:00,2026-01-16 22:47:47,Software,3 - Moderate,Software Support,개발 IDE 라이선스 만료 및 갱신,사용 중인 IntelliJ 개발 라이선스가 만료되어 실행이 되지 않습니다. 라이선스 키 갱신 또는 재발급 요청합니다.
SR10569,2026-04-13 02:40:00,2026-04-13 06:26:13,Software,3 - Moderate,Service Desk,Git 클라이언트 소스 동기화 에러,로컬 저장소에서 원격 저장소로 push를 할 때 권한 오류 또는 알 수 없는 오류로 실패합니다.
SR10570,2026-01-22 09:05:00,2026-01-23 09:49:23,HR,3 - Moderate,HR Team,경조사 휴가 및 경조금 신청,가족 상가로 인한 특별 휴가 신청서와 경조금 지급 신청서류를 제출합니다.
SR10571,2026-05-18 10:25:00,2026-05-19 17:14:53,HR,3 - Moderate,HR Team,올해 연차 잔여 일수 확인 요청,포털에 표시되는 잔여 연차 일수와 실제 사용 일수가 상이한 것 같아 정확한 확인을 요청합니다.
SR10572,2026-04-22 23:54:00,2026-04-23 18:13:39,HR,2 - High,HR Team,경조사 휴가 및 경조금 신청,가족 상가로 인한 특별 휴가 신청서와 경조금 지급 신청서류를 제출합니다.
SR10573,2026-01-23 13:07:00,2026-01-24 03:19:02,Hardware,3 - Moderate,Hardware Support,노트북 전원 불량 및 켜지지 않음,어제 저녁까지 잘 쓰던 노트북이 오늘 아침에 전원 버튼을 눌러도 반응이 없고 충전 표시등도 켜지지 않습니다.
SR10574,2026-02-14 03:00:00,2026-02-14 05:23:34,Access,3 - Moderate,Security Team,신규 입사자 시스템 권한 일괄 신청,"다음 주 입사 예정인 신입 사원의 메일, 메신저, 사내 시스템 접근 권한 일괄 생성을 요청합니다."
SR10575,2026-05-08 11:33:00,2026-05-09 00:19:37,Hardware,3 - Moderate,Hardware Support,노트북 전원 불량 및 켜지지 않음,어제 저녁까지 잘 쓰던 노트북이 오늘 아침에 전원 버튼을 눌러도 반응이 없고 충전 표시등도 켜지지 않습니다.
SR10576,2026-04-06 04:47:00,2026-04-07 03:57:38,HR,4 - Low,Service Desk,올해 연차 잔여 일수 확인 요청,포털에 표시되는 잔여 연차 일수와 실제 사용 일수가 상이한 것 같아 정확한 확인을 요청합니다.
SR10577,2026-03-27 13:17:00,2026-03-27 22:38:41,Software,3 - Moderate,Software Support,개발 IDE 라이선스 만료 및 갱신,사용 중인 IntelliJ 개발 라이선스가 만료되어 실행이 되지 않습니다. 라이선스 키 갱신 또는 재발급 요청합니다.
SR10578,2026-05-28 20:04:00,2026-05-29 18:59:16,HR,3 - Moderate,HR Team,경조사 휴가 및 경조금 신청,가족 상가로 인한 특별 휴가 신청서와 경조금 지급 신청서류를 제출합니다.
SR10579,2026-04-03 01:31:00,2026-04-03 02:56:41,Access,3 - Moderate,Service Desk,보안 서버 접근용 SSH 키 등록,운영 서버 점검을 위해 개발자 공개 SSH 키 등록을 요청합니다.
SR10580,2026-02-10 08:49:00,2026-02-12 05:56:05,HR,4 - Low,HR Team,경조사 휴가 및 경조금 신청,가족 상가로 인한 특별 휴가 신청서와 경조금 지급 신청서류를 제출합니다.
SR10581,2026-05-11 00:02:00,2026-05-11 03:16:17,Network,3 - Moderate,Network Support,사내 VPN 접속 오류 발생,외부 출장 중에 사내 VPN에 접속하려고 하면 403 에러가 발생하며 로그인이 되지 않습니다.
SR10582,2026-05-01 11:24:00,2026-05-01 15:25:58,Network,3 - Moderate,Network Support,인터넷 연결 끊김 장애,오늘 아침부터 특정 층 전체 인터넷 연결이 끊겼습니다. 급한 업무가 많은데 빠른 확인 부탁드립니다.
SR10583,2026-05-22 22:47:00,2026-05-23 19:08:57,Hardware,4 - Low,Hardware Support,듀얼 모니터 미인식 문제,모니터를 새로 연결했는데 PC에서 듀얼 모니터 인식이 안 되고 화면이 나오지 않습니다.
SR10584,2026-03-05 13:58:00,2026-03-05 15:39:10,Access,2 - High,Security Team,신규 입사자 시스템 권한 일괄 신청,"다음 주 입사 예정인 신입 사원의 메일, 메신저, 사내 시스템 접근 권한 일괄 생성을 요청합니다."
SR10585,2026-05-27 11:07:00,2026-05-27 15:50:08,Software,3 - Moderate,Service Desk,개발 IDE 라이선스 만료 및 갱신,사용 중인 IntelliJ 개발 라이선스가 만료되어 실행이 되지 않습니다. 라이선스 키 갱신 또는 재발급 요청합니다.
SR10586,2026-02-27 16:02:00,2026-02-28 20:16:08,HR,3 - Moderate,HR Team,올해 연차 잔여 일수 확인 요청,포털에 표시되는 잔여 연차 일수와 실제 사용 일수가 상이한 것 같아 정확한 확인을 요청합니다.
SR10587,2026-03-14 09:20:00,2026-03-14 12:03:07,Access,3 - Moderate,Security Team,Jira 및 Confluence 프로젝트 관리자 권한 부여,부서 이동으로 인해 특정 Jira 프로젝트의 관리 권한 인계가 필요합니다.
SR10588,2026-04-05 06:18:00,2026-04-05 08:18:19,Network,3 - Moderate,Service Desk,인터넷 연결 끊김 장애,오늘 아침부터 특정 층 전체 인터넷 연결이 끊겼습니다. 급한 업무가 많은데 빠른 확인 부탁드립니다.
SR10589,2026-03-04 14:23:00,2026-03-05 16:50:14,HR,3 - Moderate,Service Desk,사내 교육 수강 이력 반영 요청,지난주 완료한 직무 교육 수강 확인서를 첨부하오니 교육 이력에 반영해 주시기 바랍니다.
SR10590,2026-05-20 07:09:00,2026-05-21 14:51:22,HR,4 - Low,Service Desk,올해 연차 잔여 일수 확인 요청,포털에 표시되는 잔여 연차 일수와 실제 사용 일수가 상이한 것 같아 정확한 확인을 요청합니다.
SR10591,2026-03-01 17:22:00,2026-03-01 19:19:43,Network,3 - Moderate,Service Desk,인터넷 연결 끊김 장애,오늘 아침부터 특정 층 전체 인터넷 연결이 끊겼습니다. 급한 업무가 많은데 빠른 확인 부탁드립니다.
SR10592,2026-04-07 23:46:00,2026-04-08 01:34:47,Network,3 - Moderate,Service Desk,인터넷 연결 끊김 장애,오늘 아침부터 특정 층 전체 인터넷 연결이 끊겼습니다. 급한 업무가 많은데 빠른 확인 부탁드립니다.
SR10593,2026-05-16 07:26:00,2026-05-16 10:07:01,Software,2 - High,Software Support,MS Office 365 로그인 인증 오류,아웃룩과 액셀 실행 시 라이선스 인증 창이 계속 뜨며 정품 인증이 풀리는 현상이 있습니다.
SR10594,2026-03-13 02:02:00,2026-03-13 02:46:34,Access,2 - High,Security Team,사내 인트라넷 계정 잠금 해제 요청,비밀번호를 5회 잘못 입력하여 사내 포털 계정이 잠겼습니다. 잠금 해제 및 임시 비밀번호 발급 부탁드립니다.
SR10595,2026-04-28 23:05:00,2026-04-29 13:56:27,Hardware,4 - Low,Service Desk,마우스 및 키보드 교체 요청,"키보드의 특정 키가 눌린 채로 안 올라오고, 마우스 휠이 정상적으로 작동하지 않아 업무에 지장이 있습니다. 새 장비로 교체 요청합니다."
SR10596,2026-02-04 20:52:00,2026-02-06 13:20:37,HR,3 - Moderate,HR Team,사내 교육 수강 이력 반영 요청,지난주 완료한 직무 교육 수강 확인서를 첨부하오니 교육 이력에 반영해 주시기 바랍니다.
SR10597,2026-05-26 01:27:00,2026-05-26 03:25:56,Access,3 - Moderate,Security Team,보안 서버 접근용 SSH 키 등록,운영 서버 점검을 위해 개발자 공개 SSH 키 등록을 요청합니다.
SR10598,2026-03-08 10:59:00,2026-03-08 19:42:29,Hardware,2 - High,Hardware Support,마우스 및 키보드 교체 요청,"키보드의 특정 키가 눌린 채로 안 올라오고, 마우스 휠이 정상적으로 작동하지 않아 업무에 지장이 있습니다. 새 장비로 교체 요청합니다."
SR10599,2026-04-26 08:14:00,2026-04-26 10:47:24,Access,3 - Moderate,Service Desk,신규 입사자 시스템 권한 일괄 신청,"다음 주 입사 예정인 신입 사원의 메일, 메신저, 사내 시스템 접근 권한 일괄 생성을 요청합니다."
SR10600,2026-05-30 03:09:00,2026-05-30 09:05:02,Network,4 - Low,Network Support,사내 VPN 접속 오류 발생,외부 출장 중에 사내 VPN에 접속하려고 하면 403 에러가 발생하며 로그인이 되지 않습니다.
SR10601,2026-04-30 10:26:00,2026-04-30 18:24:45,Network,4 - Low,Network Support,네트워크 스위치 재부팅 요청,개발 서버 대역의 네트워크 연결 상태가 불안정하여 스위치 장비 확인 및 재부팅을 요청합니다.
SR10602,2026-04-26 09:29:00,2026-04-26 11:53:11,Network,3 - Moderate,Service Desk,사내 VPN 접속 오류 발생,외부 출장 중에 사내 VPN에 접속하려고 하면 403 에러가 발생하며 로그인이 되지 않습니다.
SR10603,2026-02-10 21:19:00,2026-02-11 00:32:41,Software,2 - High,Software Support,개발 IDE 라이선스 만료 및 갱신,사용 중인 IntelliJ 개발 라이선스가 만료되어 실행이 되지 않습니다. 라이선스 키 갱신 또는 재발급 요청합니다.
SR10604,2026-03-25 04:05:00,2026-03-26 08:24:43,HR,3 - Moderate,HR Team,올해 연차 잔여 일수 확인 요청,포털에 표시되는 잔여 연차 일수와 실제 사용 일수가 상이한 것 같아 정확한 확인을 요청합니다.
SR10605,2026-05-12 01:43:00,2026-05-12 14:15:13,Hardware,4 - Low,Service Desk,회의실 빔프로젝터 연결 케이블 파손,대회의실 빔프로젝터에 연결하는 HDMI 케이블 단자가 파손되어 화면 출력이 되지 않습니다. 교체 바랍니다.
SR10606,2026-01-08 12:54:00,2026-01-08 16:18:57,Software,3 - Moderate,Service Desk,MS Office 365 로그인 인증 오류,아웃룩과 액셀 실행 시 라이선스 인증 창이 계속 뜨며 정품 인증이 풀리는 현상이 있습니다.
SR10607,2026-04-29 03:51:00,2026-04-29 05:24:49,Access,2 - High,Security Team,신규 프로젝트 공유 폴더 접근 권한 신청,이번에 신규 생성된 공유 폴더인 'Project_2026'에 대한 읽기/쓰기 권한 부여를 신청합니다.
SR10608,2026-01-16 07:08:00,2026-01-17 04:59:02,Hardware,4 - Low,Hardware Support,듀얼 모니터 미인식 문제,모니터를 새로 연결했는데 PC에서 듀얼 모니터 인식이 안 되고 화면이 나오지 않습니다.
SR10609,2026-01-22 18:37:00,2026-01-23 09:49:52,Hardware,4 - Low,Service Desk,마우스 및 키보드 교체 요청,"키보드의 특정 키가 눌린 채로 안 올라오고, 마우스 휠이 정상적으로 작동하지 않아 업무에 지장이 있습니다. 새 장비로 교체 요청합니다."
SR10610,2026-01-17 06:57:00,2026-01-17 12:28:17,Software,3 - Moderate,Software Support,개발 IDE 라이선스 만료 및 갱신,사용 중인 IntelliJ 개발 라이선스가 만료되어 실행이 되지 않습니다. 라이선스 키 갱신 또는 재발급 요청합니다.
SR10611,2026-03-26 03:02:00,2026-03-26 07:17:56,Access,3 - Moderate,Security Team,신규 프로젝트 공유 폴더 접근 권한 신청,이번에 신규 생성된 공유 폴더인 'Project_2026'에 대한 읽기/쓰기 권한 부여를 신청합니다.
SR10612,2026-05-27 13:52:00,2026-05-27 15:03:38,Access,2 - High,Security Team,사내 인트라넷 계정 잠금 해제 요청,비밀번호를 5회 잘못 입력하여 사내 포털 계정이 잠겼습니다. 잠금 해제 및 임시 비밀번호 발급 부탁드립니다.
SR10613,2026-04-08 21:27:00,2026-04-08 23:46:52,Access,3 - Moderate,Service Desk,신규 프로젝트 공유 폴더 접근 권한 신청,이번에 신규 생성된 공유 폴더인 'Project_2026'에 대한 읽기/쓰기 권한 부여를 신청합니다.
SR10614,2026-02-17 08:17:00,2026-02-17 23:10:52,Hardware,4 - Low,Service Desk,노트북 전원 불량 및 켜지지 않음,어제 저녁까지 잘 쓰던 노트북이 오늘 아침에 전원 버튼을 눌러도 반응이 없고 충전 표시등도 켜지지 않습니다.
SR10615,2026-03-04 20:18:00,2026-03-04 23:09:58,Access,3 - Moderate,Security Team,신규 프로젝트 공유 폴더 접근 권한 신청,이번에 신규 생성된 공유 폴더인 'Project_2026'에 대한 읽기/쓰기 권한 부여를 신청합니다.
SR10616,2026-05-03 01:05:00,2026-05-03 03:38:50,Access,4 - Low,Service Desk,보안 서버 접근용 SSH 키 등록,운영 서버 점검을 위해 개발자 공개 SSH 키 등록을 요청합니다.
SR10617,2026-04-18 06:41:00,2026-04-18 11:46:58,Software,4 - Low,Service Desk,MS Office 365 로그인 인증 오류,아웃룩과 액셀 실행 시 라이선스 인증 창이 계속 뜨며 정품 인증이 풀리는 현상이 있습니다.
SR10618,2026-01-05 12:50:00,2026-01-07 20:50:55,HR,4 - Low,HR Team,사내 교육 수강 이력 반영 요청,지난주 완료한 직무 교육 수강 확인서를 첨부하오니 교육 이력에 반영해 주시기 바랍니다.
SR10619,2026-05-05 11:58:00,2026-05-05 18:34:11,Software,3 - Moderate,Service Desk,데이터베이스 클라이언트 툴 설치 요청,업무를 위해 DBeaver 설치가 필요합니다. 사내 소프트웨어 포털에서 설치가 안 되어 지원 요청합니다.
SR10620,2026-03-11 05:01:00,2026-03-12 09:17:16,HR,4 - Low,Service Desk,사원증 분실로 인한 재발급 신청,출근 중 사원증을 분실하여 재발급을 요청합니다. 출입 권한 이전도 같이 요청합니다.
SR10621,2026-03-13 01:51:00,2026-03-13 13:08:42,Software,4 - Low,Software Support,개발 IDE 라이선스 만료 및 갱신,사용 중인 IntelliJ 개발 라이선스가 만료되어 실행이 되지 않습니다. 라이선스 키 갱신 또는 재발급 요청합니다.
SR10622,2026-03-01 05:06:00,2026-03-01 06:22:37,Access,3 - Moderate,Service Desk,보안 서버 접근용 SSH 키 등록,운영 서버 점검을 위해 개발자 공개 SSH 키 등록을 요청합니다.
SR10623,2026-05-17 23:03:00,2026-05-18 14:39:11,Hardware,3 - Moderate,Hardware Support,마우스 및 키보드 교체 요청,"키보드의 특정 키가 눌린 채로 안 올라오고, 마우스 휠이 정상적으로 작동하지 않아 업무에 지장이 있습니다. 새 장비로 교체 요청합니다."
SR10624,2026-02-14 05:15:00,2026-02-14 13:27:39,Hardware,3 - Moderate,Service Desk,마우스 및 키보드 교체 요청,"키보드의 특정 키가 눌린 채로 안 올라오고, 마우스 휠이 정상적으로 작동하지 않아 업무에 지장이 있습니다. 새 장비로 교체 요청합니다."
SR10625,2026-01-08 22:44:00,2026-01-09 19:00:04,HR,3 - Moderate,Service Desk,경조사 휴가 및 경조금 신청,가족 상가로 인한 특별 휴가 신청서와 경조금 지급 신청서류를 제출합니다.
SR10626,2026-02-18 15:34:00,2026-02-19 03:16:16,Software,4 - Low,Software Support,데이터베이스 클라이언트 툴 설치 요청,업무를 위해 DBeaver 설치가 필요합니다. 사내 소프트웨어 포털에서 설치가 안 되어 지원 요청합니다.
SR10627,2026-01-10 02:03:00,2026-01-10 07:37:41,Software,3 - Moderate,Software Support,Git 클라이언트 소스 동기화 에러,로컬 저장소에서 원격 저장소로 push를 할 때 권한 오류 또는 알 수 없는 오류로 실패합니다.
SR10628,2026-05-15 15:00:00,2026-05-16 06:24:57,Hardware,3 - Moderate,Hardware Support,듀얼 모니터 미인식 문제,모니터를 새로 연결했는데 PC에서 듀얼 모니터 인식이 안 되고 화면이 나오지 않습니다.
SR10629,2026-03-29 22:11:00,2026-03-30 04:11:57,Software,3 - Moderate,Software Support,MS Office 365 로그인 인증 오류,아웃룩과 액셀 실행 시 라이선스 인증 창이 계속 뜨며 정품 인증이 풀리는 현상이 있습니다.
SR10630,2026-02-07 18:45:00,2026-02-08 03:13:04,Software,3 - Moderate,Software Support,개발 IDE 라이선스 만료 및 갱신,사용 중인 IntelliJ 개발 라이선스가 만료되어 실행이 되지 않습니다. 라이선스 키 갱신 또는 재발급 요청합니다.
SR10631,2026-04-04 02:23:00,2026-04-04 22:26:13,Hardware,3 - Moderate,Hardware Support,PC 메모리 추가 장착 요청,최근 코딩 작업 시 메모리 부족으로 인해 PC 속도가 급격히 느려집니다. 기존 8GB에서 16GB로 업그레이드 요청합니다.
SR10632,2026-03-19 10:08:00,2026-03-19 13:45:22,Access,3 - Moderate,Security Team,신규 입사자 시스템 권한 일괄 신청,"다음 주 입사 예정인 신입 사원의 메일, 메신저, 사내 시스템 접근 권한 일괄 생성을 요청합니다."
SR10633,2026-03-23 05:45:00,2026-03-23 10:04:46,Hardware,2 - High,Service Desk,회의실 빔프로젝터 연결 케이블 파손,대회의실 빔프로젝터에 연결하는 HDMI 케이블 단자가 파손되어 화면 출력이 되지 않습니다. 교체 바랍니다.
SR10634,2026-05-31 05:24:00,2026-05-31 19:59:56,HR,3 - Moderate,Service Desk,올해 연차 잔여 일수 확인 요청,포털에 표시되는 잔여 연차 일수와 실제 사용 일수가 상이한 것 같아 정확한 확인을 요청합니다.
SR10635,2026-02-15 23:00:00,2026-02-16 01:39:23,Software,3 - Moderate,Service Desk,MS Office 365 로그인 인증 오류,아웃룩과 액셀 실행 시 라이선스 인증 창이 계속 뜨며 정품 인증이 풀리는 현상이 있습니다.
SR10636,2026-01-09 05:38:00,2026-01-09 23:19:35,HR,3 - Moderate,Service Desk,사내 교육 수강 이력 반영 요청,지난주 완료한 직무 교육 수강 확인서를 첨부하오니 교육 이력에 반영해 주시기 바랍니다.
SR10637,2026-01-27 15:09:00,2026-01-27 22:04:36,Software,3 - Moderate,Software Support,데이터베이스 클라이언트 툴 설치 요청,업무를 위해 DBeaver 설치가 필요합니다. 사내 소프트웨어 포털에서 설치가 안 되어 지원 요청합니다.
SR10638,2026-03-30 10:10:00,2026-03-30 16:02:55,Software,3 - Moderate,Software Support,MS Office 365 로그인 인증 오류,아웃룩과 액셀 실행 시 라이선스 인증 창이 계속 뜨며 정품 인증이 풀리는 현상이 있습니다.
SR10639,2026-01-03 08:13:00,2026-01-03 10:59:47,Network,3 - Moderate,Service Desk,네트워크 스위치 재부팅 요청,개발 서버 대역의 네트워크 연결 상태가 불안정하여 스위치 장비 확인 및 재부팅을 요청합니다.
SR10640,2026-03-07 03:46:00,2026-03-07 14:07:05,Hardware,3 - Moderate,Hardware Support,마우스 및 키보드 교체 요청,"키보드의 특정 키가 눌린 채로 안 올라오고, 마우스 휠이 정상적으로 작동하지 않아 업무에 지장이 있습니다. 새 장비로 교체 요청합니다."
SR10641,2026-04-23 23:26:00,2026-04-24 06:13:24,Network,4 - Low,Network Support,네트워크 스위치 재부팅 요청,개발 서버 대역의 네트워크 연결 상태가 불안정하여 스위치 장비 확인 및 재부팅을 요청합니다.
SR10642,2026-04-07 11:34:00,2026-04-07 20:20:56,Hardware,3 - Moderate,Service Desk,회의실 빔프로젝터 연결 케이블 파손,대회의실 빔프로젝터에 연결하는 HDMI 케이블 단자가 파손되어 화면 출력이 되지 않습니다. 교체 바랍니다.
SR10643,2026-05-28 20:48:00,2026-05-28 23:11:38,Access,3 - Moderate,Security Team,Jira 및 Confluence 프로젝트 관리자 권한 부여,부서 이동으로 인해 특정 Jira 프로젝트의 관리 권한 인계가 필요합니다.
SR10644,2026-01-19 01:18:00,2026-01-19 18:18:06,Hardware,3 - Moderate,Hardware Support,회의실 빔프로젝터 연결 케이블 파손,대회의실 빔프로젝터에 연결하는 HDMI 케이블 단자가 파손되어 화면 출력이 되지 않습니다. 교체 바랍니다.
SR10645,2026-01-27 02:21:00,2026-01-27 04:27:20,Network,3 - Moderate,Service Desk,와이파이 신호 불량 및 속도 저하,회의실 A에서 사내 와이파이 연결이 자주 끊기고 속도가 너무 느려서 회의 진행이 어렵습니다.
SR10646,2026-01-20 17:57:00,2026-01-21 04:46:26,Hardware,3 - Moderate,Service Desk,노트북 전원 불량 및 켜지지 않음,어제 저녁까지 잘 쓰던 노트북이 오늘 아침에 전원 버튼을 눌러도 반응이 없고 충전 표시등도 켜지지 않습니다.
SR10647,2026-05-04 22:01:00,2026-05-05 02:37:31,Network,3 - Moderate,Service Desk,방화벽 포트 오픈 신청,신규 개발 시스템 구축을 위해 개발망과 운영망 간의 특정 포트 오픈이 필요합니다.
SR10648,2026-04-22 05:03:00,2026-04-22 08:34:27,Access,4 - Low,Security Team,보안 서버 접근용 SSH 키 등록,운영 서버 점검을 위해 개발자 공개 SSH 키 등록을 요청합니다.
SR10649,2026-02-18 13:44:00,2026-02-18 17:45:41,Network,4 - Low,Service Desk,사내 VPN 접속 오류 발생,외부 출장 중에 사내 VPN에 접속하려고 하면 403 에러가 발생하며 로그인이 되지 않습니다.
SR10650,2026-03-18 07:06:00,2026-03-18 16:01:11,HR,2 - High,Service Desk,경조사 휴가 및 경조금 신청,가족 상가로 인한 특별 휴가 신청서와 경조금 지급 신청서류를 제출합니다.
SR10651,2026-05-21 15:09:00,2026-05-21 17:39:41,Network,2 - High,Service Desk,방화벽 포트 오픈 신청,신규 개발 시스템 구축을 위해 개발망과 운영망 간의 특정 포트 오픈이 필요합니다.
SR10652,2026-04-20 02:18:00,2026-04-20 04:26:31,Network,3 - Moderate,Service Desk,인터넷 연결 끊김 장애,오늘 아침부터 특정 층 전체 인터넷 연결이 끊겼습니다. 급한 업무가 많은데 빠른 확인 부탁드립니다.
SR10653,2026-01-25 00:13:00,2026-01-25 15:52:23,HR,3 - Moderate,Service Desk,올해 연차 잔여 일수 확인 요청,포털에 표시되는 잔여 연차 일수와 실제 사용 일수가 상이한 것 같아 정확한 확인을 요청합니다.
SR10654,2026-05-02 03:19:00,2026-05-02 14:16:29,Hardware,4 - Low,Service Desk,듀얼 모니터 미인식 문제,모니터를 새로 연결했는데 PC에서 듀얼 모니터 인식이 안 되고 화면이 나오지 않습니다.
SR10655,2026-03-09 02:41:00,2026-03-09 04:24:08,Access,3 - Moderate,Service Desk,Jira 및 Confluence 프로젝트 관리자 권한 부여,부서 이동으로 인해 특정 Jira 프로젝트의 관리 권한 인계가 필요합니다.
SR10656,2026-04-05 12:23:00,2026-04-06 05:24:40,HR,3 - Moderate,Service Desk,올해 연차 잔여 일수 확인 요청,포털에 표시되는 잔여 연차 일수와 실제 사용 일수가 상이한 것 같아 정확한 확인을 요청합니다.
SR10657,2026-03-09 14:29:00,2026-03-09 16:25:37,Hardware,2 - High,Service Desk,듀얼 모니터 미인식 문제,모니터를 새로 연결했는데 PC에서 듀얼 모니터 인식이 안 되고 화면이 나오지 않습니다.
SR10658,2026-05-25 01:09:00,2026-05-25 03:59:12,Software,2 - High,Software Support,신규 백신 프로그램 설치 실패,사내 보안 정책에 따라 백신 프로그램을 설치하려는데 설치 도중 에러가 나면서 롤백됩니다. 설치 지원 요청합니다.
SR10659,2026-05-19 13:48:00,2026-05-19 18:55:50,Network,3 - Moderate,Network Support,와이파이 신호 불량 및 속도 저하,회의실 A에서 사내 와이파이 연결이 자주 끊기고 속도가 너무 느려서 회의 진행이 어렵습니다.
SR10660,2026-01-16 12:52:00,2026-01-18 03:03:27,HR,3 - Moderate,HR Team,사내 교육 수강 이력 반영 요청,지난주 완료한 직무 교육 수강 확인서를 첨부하오니 교육 이력에 반영해 주시기 바랍니다.
SR10661,2026-05-02 18:56:00,2026-05-03 15:30:25,HR,3 - Moderate,Service Desk,사내 교육 수강 이력 반영 요청,지난주 완료한 직무 교육 수강 확인서를 첨부하오니 교육 이력에 반영해 주시기 바랍니다.
SR10662,2026-01-21 12:57:00,2026-01-22 05:51:55,Hardware,4 - Low,Service Desk,마우스 및 키보드 교체 요청,"키보드의 특정 키가 눌린 채로 안 올라오고, 마우스 휠이 정상적으로 작동하지 않아 업무에 지장이 있습니다. 새 장비로 교체 요청합니다."
SR10663,2026-04-25 05:10:00,2026-04-25 08:58:14,Network,3 - Moderate,Network Support,인터넷 연결 끊김 장애,오늘 아침부터 특정 층 전체 인터넷 연결이 끊겼습니다. 급한 업무가 많은데 빠른 확인 부탁드립니다.
SR10664,2026-01-11 13:05:00,2026-01-11 17:31:58,Hardware,1 - Critical,Hardware Support,노트북 전원 불량 및 켜지지 않음,어제 저녁까지 잘 쓰던 노트북이 오늘 아침에 전원 버튼을 눌러도 반응이 없고 충전 표시등도 켜지지 않습니다.
SR10665,2026-03-08 10:58:00,2026-03-08 14:08:27,Access,3 - Moderate,Security Team,사내 인트라넷 계정 잠금 해제 요청,비밀번호를 5회 잘못 입력하여 사내 포털 계정이 잠겼습니다. 잠금 해제 및 임시 비밀번호 발급 부탁드립니다.
SR10666,2026-05-23 12:35:00,2026-05-23 19:36:46,Network,4 - Low,Network Support,네트워크 스위치 재부팅 요청,개발 서버 대역의 네트워크 연결 상태가 불안정하여 스위치 장비 확인 및 재부팅을 요청합니다.
SR10667,2026-04-28 00:50:00,2026-04-28 05:59:39,Software,3 - Moderate,Service Desk,데이터베이스 클라이언트 툴 설치 요청,업무를 위해 DBeaver 설치가 필요합니다. 사내 소프트웨어 포털에서 설치가 안 되어 지원 요청합니다.
SR10668,2026-04-17 04:09:00,2026-04-18 10:29:21,HR,3 - Moderate,Service Desk,재직증명서 국문 및 영문 발급 요청,"은행 제출용 재직증명서 국문 1부, 비자 신청용 영문 1부를 급히 발급 요청합니다."
SR10669,2026-05-25 03:50:00,2026-05-27 10:35:06,HR,4 - Low,HR Team,재직증명서 국문 및 영문 발급 요청,"은행 제출용 재직증명서 국문 1부, 비자 신청용 영문 1부를 급히 발급 요청합니다."
SR10670,2026-03-09 12:41:00,2026-03-09 17:03:40,Software,3 - Moderate,Service Desk,Git 클라이언트 소스 동기화 에러,로컬 저장소에서 원격 저장소로 push를 할 때 권한 오류 또는 알 수 없는 오류로 실패합니다.
SR10671,2026-02-14 08:25:00,2026-02-14 10:13:24,Access,3 - Moderate,Service Desk,신규 프로젝트 공유 폴더 접근 권한 신청,이번에 신규 생성된 공유 폴더인 'Project_2026'에 대한 읽기/쓰기 권한 부여를 신청합니다.
SR10672,2026-04-12 10:44:00,2026-04-13 04:24:30,Hardware,4 - Low,Service Desk,듀얼 모니터 미인식 문제,모니터를 새로 연결했는데 PC에서 듀얼 모니터 인식이 안 되고 화면이 나오지 않습니다.
SR10673,2026-03-10 11:01:00,2026-03-10 16:43:33,Hardware,2 - High,Hardware Support,회의실 빔프로젝터 연결 케이블 파손,대회의실 빔프로젝터에 연결하는 HDMI 케이블 단자가 파손되어 화면 출력이 되지 않습니다. 교체 바랍니다.
SR10674,2026-03-13 15:54:00,2026-03-13 22:58:20,Software,3 - Moderate,Service Desk,신규 백신 프로그램 설치 실패,사내 보안 정책에 따라 백신 프로그램을 설치하려는데 설치 도중 에러가 나면서 롤백됩니다. 설치 지원 요청합니다.
SR10675,2026-03-18 23:28:00,2026-03-19 00:47:33,Network,2 - High,Network Support,사내 VPN 접속 오류 발생,외부 출장 중에 사내 VPN에 접속하려고 하면 403 에러가 발생하며 로그인이 되지 않습니다.
SR10676,2026-01-23 06:28:00,2026-01-23 10:03:06,Software,3 - Moderate,Service Desk,Git 클라이언트 소스 동기화 에러,로컬 저장소에서 원격 저장소로 push를 할 때 권한 오류 또는 알 수 없는 오류로 실패합니다.
SR10677,2026-05-13 11:52:00,2026-05-13 17:28:58,Hardware,2 - High,Service Desk,회의실 빔프로젝터 연결 케이블 파손,대회의실 빔프로젝터에 연결하는 HDMI 케이블 단자가 파손되어 화면 출력이 되지 않습니다. 교체 바랍니다.
SR10678,2026-03-21 22:32:00,2026-03-22 00:04:52,Network,1 - Critical,Network Support,인터넷 연결 끊김 장애,오늘 아침부터 특정 층 전체 인터넷 연결이 끊겼습니다. 급한 업무가 많은데 빠른 확인 부탁드립니다.
SR10679,2026-05-26 00:11:00,2026-05-26 03:04:13,Access,3 - Moderate,Security Team,보안 서버 접근용 SSH 키 등록,운영 서버 점검을 위해 개발자 공개 SSH 키 등록을 요청합니다.
SR10680,2026-03-05 01:29:00,2026-03-05 18:30:37,Hardware,3 - Moderate,Hardware Support,듀얼 모니터 미인식 문제,모니터를 새로 연결했는데 PC에서 듀얼 모니터 인식이 안 되고 화면이 나오지 않습니다.
SR10681,2026-03-12 11:52:00,2026-03-12 13:37:03,Network,3 - Moderate,Service Desk,사내 VPN 접속 오류 발생,외부 출장 중에 사내 VPN에 접속하려고 하면 403 에러가 발생하며 로그인이 되지 않습니다.
SR10682,2026-01-08 07:23:00,2026-01-08 10:39:54,Access,4 - Low,Service Desk,신규 프로젝트 공유 폴더 접근 권한 신청,이번에 신규 생성된 공유 폴더인 'Project_2026'에 대한 읽기/쓰기 권한 부여를 신청합니다.
SR10683,2026-05-02 18:35:00,2026-05-02 20:21:43,Access,3 - Moderate,Service Desk,사내 인트라넷 계정 잠금 해제 요청,비밀번호를 5회 잘못 입력하여 사내 포털 계정이 잠겼습니다. 잠금 해제 및 임시 비밀번호 발급 부탁드립니다.
SR10684,2026-03-08 23:53:00,2026-03-09 04:25:34,Software,3 - Moderate,Service Desk,MS Office 365 로그인 인증 오류,아웃룩과 액셀 실행 시 라이선스 인증 창이 계속 뜨며 정품 인증이 풀리는 현상이 있습니다.
SR10685,2026-04-09 01:10:00,2026-04-09 05:32:11,Network,4 - Low,Service Desk,인터넷 연결 끊김 장애,오늘 아침부터 특정 층 전체 인터넷 연결이 끊겼습니다. 급한 업무가 많은데 빠른 확인 부탁드립니다.
SR10686,2026-02-27 21:13:00,2026-02-28 12:42:22,HR,2 - High,HR Team,올해 연차 잔여 일수 확인 요청,포털에 표시되는 잔여 연차 일수와 실제 사용 일수가 상이한 것 같아 정확한 확인을 요청합니다.
SR10687,2026-01-06 21:00:00,2026-01-07 01:19:09,Software,3 - Moderate,Service Desk,데이터베이스 클라이언트 툴 설치 요청,업무를 위해 DBeaver 설치가 필요합니다. 사내 소프트웨어 포털에서 설치가 안 되어 지원 요청합니다.
SR10688,2026-01-03 07:16:00,2026-01-03 09:57:26,Access,3 - Moderate,Security Team,사내 인트라넷 계정 잠금 해제 요청,비밀번호를 5회 잘못 입력하여 사내 포털 계정이 잠겼습니다. 잠금 해제 및 임시 비밀번호 발급 부탁드립니다.
SR10689,2026-04-19 12:54:00,2026-04-20 05:32:21,HR,3 - Moderate,Service Desk,경조사 휴가 및 경조금 신청,가족 상가로 인한 특별 휴가 신청서와 경조금 지급 신청서류를 제출합니다.
SR10690,2026-02-25 14:19:00,2026-02-25 16:06:07,Software,2 - High,Service Desk,신규 백신 프로그램 설치 실패,사내 보안 정책에 따라 백신 프로그램을 설치하려는데 설치 도중 에러가 나면서 롤백됩니다. 설치 지원 요청합니다.
SR10691,2026-01-27 00:32:00,2026-01-28 14:07:47,HR,4 - Low,Service Desk,사내 교육 수강 이력 반영 요청,지난주 완료한 직무 교육 수강 확인서를 첨부하오니 교육 이력에 반영해 주시기 바랍니다.
SR10692,2026-01-28 15:04:00,2026-01-28 21:01:25,Software,3 - Moderate,Service Desk,신규 백신 프로그램 설치 실패,사내 보안 정책에 따라 백신 프로그램을 설치하려는데 설치 도중 에러가 나면서 롤백됩니다. 설치 지원 요청합니다.
SR10693,2026-03-12 08:41:00,2026-03-12 13:46:36,Software,3 - Moderate,Service Desk,신규 백신 프로그램 설치 실패,사내 보안 정책에 따라 백신 프로그램을 설치하려는데 설치 도중 에러가 나면서 롤백됩니다. 설치 지원 요청합니다.
SR10694,2026-05-13 07:57:00,2026-05-13 12:51:56,Software,3 - Moderate,Software Support,MS Office 365 로그인 인증 오류,아웃룩과 액셀 실행 시 라이선스 인증 창이 계속 뜨며 정품 인증이 풀리는 현상이 있습니다.
SR10695,2026-02-05 23:01:00,2026-02-06 01:28:35,Network,3 - Moderate,Service Desk,와이파이 신호 불량 및 속도 저하,회의실 A에서 사내 와이파이 연결이 자주 끊기고 속도가 너무 느려서 회의 진행이 어렵습니다.
SR10696,2026-04-18 12:24:00,2026-04-18 15:47:27,Access,4 - Low,Service Desk,신규 입사자 시스템 권한 일괄 신청,"다음 주 입사 예정인 신입 사원의 메일, 메신저, 사내 시스템 접근 권한 일괄 생성을 요청합니다."
SR10697,2026-02-26 21:34:00,2026-02-27 03:32:04,Network,3 - Moderate,Network Support,와이파이 신호 불량 및 속도 저하,회의실 A에서 사내 와이파이 연결이 자주 끊기고 속도가 너무 느려서 회의 진행이 어렵습니다.
SR10698,2026-03-18 05:53:00,2026-03-18 07:30:44,Access,3 - Moderate,Service Desk,보안 서버 접근용 SSH 키 등록,운영 서버 점검을 위해 개발자 공개 SSH 키 등록을 요청합니다.
SR10699,2026-01-25 15:08:00,2026-01-27 07:52:55,HR,4 - Low,HR Team,경조사 휴가 및 경조금 신청,가족 상가로 인한 특별 휴가 신청서와 경조금 지급 신청서류를 제출합니다.
SR10700,2026-01-23 07:22:00,2026-01-23 10:11:00,Software,2 - High,Software Support,신규 백신 프로그램 설치 실패,사내 보안 정책에 따라 백신 프로그램을 설치하려는데 설치 도중 에러가 나면서 롤백됩니다. 설치 지원 요청합니다.
SR10701,2026-03-26 11:16:00,2026-03-26 21:59:58,Hardware,3 - Moderate,Service Desk,회의실 빔프로젝터 연결 케이블 파손,대회의실 빔프로젝터에 연결하는 HDMI 케이블 단자가 파손되어 화면 출력이 되지 않습니다. 교체 바랍니다.
SR10702,2026-01-31 15:03:00,2026-02-01 06:57:44,HR,2 - High,Service Desk,사원증 분실로 인한 재발급 신청,출근 중 사원증을 분실하여 재발급을 요청합니다. 출입 권한 이전도 같이 요청합니다.
SR10703,2026-02-19 16:07:00,2026-02-20 20:55:12,HR,3 - Moderate,HR Team,사원증 분실로 인한 재발급 신청,출근 중 사원증을 분실하여 재발급을 요청합니다. 출입 권한 이전도 같이 요청합니다.
SR10704,2026-01-14 04:08:00,2026-01-14 05:34:23,Access,3 - Moderate,Service Desk,Jira 및 Confluence 프로젝트 관리자 권한 부여,부서 이동으로 인해 특정 Jira 프로젝트의 관리 권한 인계가 필요합니다.
SR10705,2026-05-26 14:09:00,2026-05-26 16:25:01,Hardware,2 - High,Service Desk,회의실 빔프로젝터 연결 케이블 파손,대회의실 빔프로젝터에 연결하는 HDMI 케이블 단자가 파손되어 화면 출력이 되지 않습니다. 교체 바랍니다.
SR10706,2026-05-05 10:40:00,2026-05-05 21:58:01,Software,4 - Low,Software Support,개발 IDE 라이선스 만료 및 갱신,사용 중인 IntelliJ 개발 라이선스가 만료되어 실행이 되지 않습니다. 라이선스 키 갱신 또는 재발급 요청합니다.
SR10707,2026-01-02 14:17:00,2026-01-03 06:05:14,Hardware,4 - Low,Service Desk,듀얼 모니터 미인식 문제,모니터를 새로 연결했는데 PC에서 듀얼 모니터 인식이 안 되고 화면이 나오지 않습니다.
SR10708,2026-02-10 15:50:00,2026-02-11 08:48:00,Hardware,3 - Moderate,Hardware Support,PC 메모리 추가 장착 요청,최근 코딩 작업 시 메모리 부족으로 인해 PC 속도가 급격히 느려집니다. 기존 8GB에서 16GB로 업그레이드 요청합니다.
SR10709,2026-04-22 20:27:00,2026-04-23 02:51:56,Network,3 - Moderate,Network Support,방화벽 포트 오픈 신청,신규 개발 시스템 구축을 위해 개발망과 운영망 간의 특정 포트 오픈이 필요합니다.
SR10710,2026-04-09 00:02:00,2026-04-09 00:59:04,Access,2 - High,Service Desk,Jira 및 Confluence 프로젝트 관리자 권한 부여,부서 이동으로 인해 특정 Jira 프로젝트의 관리 권한 인계가 필요합니다.
SR10711,2026-01-04 10:48:00,2026-01-05 17:41:47,HR,3 - Moderate,HR Team,경조사 휴가 및 경조금 신청,가족 상가로 인한 특별 휴가 신청서와 경조금 지급 신청서류를 제출합니다.
SR10712,2026-01-02 20:46:00,2026-01-03 01:06:58,HR,1 - Critical,HR Team,재직증명서 국문 및 영문 발급 요청,"은행 제출용 재직증명서 국문 1부, 비자 신청용 영문 1부를 급히 발급 요청합니다."
SR10713,2026-03-21 04:06:00,2026-03-21 16:53:54,Hardware,3 - Moderate,Hardware Support,마우스 및 키보드 교체 요청,"키보드의 특정 키가 눌린 채로 안 올라오고, 마우스 휠이 정상적으로 작동하지 않아 업무에 지장이 있습니다. 새 장비로 교체 요청합니다."
SR10714,2026-01-17 01:19:00,2026-01-17 02:23:26,Access,2 - High,Service Desk,사내 인트라넷 계정 잠금 해제 요청,비밀번호를 5회 잘못 입력하여 사내 포털 계정이 잠겼습니다. 잠금 해제 및 임시 비밀번호 발급 부탁드립니다.
SR10715,2026-05-15 10:27:00,2026-05-15 15:53:14,Software,3 - Moderate,Service Desk,데이터베이스 클라이언트 툴 설치 요청,업무를 위해 DBeaver 설치가 필요합니다. 사내 소프트웨어 포털에서 설치가 안 되어 지원 요청합니다.
SR10716,2026-04-02 06:10:00,2026-04-02 19:38:49,Hardware,3 - Moderate,Service Desk,회의실 빔프로젝터 연결 케이블 파손,대회의실 빔프로젝터에 연결하는 HDMI 케이블 단자가 파손되어 화면 출력이 되지 않습니다. 교체 바랍니다.
SR10717,2026-02-27 23:08:00,2026-02-28 01:48:43,Access,3 - Moderate,Security Team,사내 인트라넷 계정 잠금 해제 요청,비밀번호를 5회 잘못 입력하여 사내 포털 계정이 잠겼습니다. 잠금 해제 및 임시 비밀번호 발급 부탁드립니다.
SR10718,2026-05-10 05:07:00,2026-05-11 09:47:04,Hardware,4 - Low,Hardware Support,PC 메모리 추가 장착 요청,최근 코딩 작업 시 메모리 부족으로 인해 PC 속도가 급격히 느려집니다. 기존 8GB에서 16GB로 업그레이드 요청합니다.
SR10719,2026-03-07 17:39:00,2026-03-08 02:17:19,Software,4 - Low,Software Support,Git 클라이언트 소스 동기화 에러,로컬 저장소에서 원격 저장소로 push를 할 때 권한 오류 또는 알 수 없는 오류로 실패합니다.
SR10720,2026-01-06 01:44:00,2026-01-06 05:21:46,Network,3 - Moderate,Network Support,인터넷 연결 끊김 장애,오늘 아침부터 특정 층 전체 인터넷 연결이 끊겼습니다. 급한 업무가 많은데 빠른 확인 부탁드립니다.
SR10721,2026-04-08 03:35:00,2026-04-08 09:04:59,Network,4 - Low,Service Desk,네트워크 스위치 재부팅 요청,개발 서버 대역의 네트워크 연결 상태가 불안정하여 스위치 장비 확인 및 재부팅을 요청합니다.
SR10722,2026-02-22 22:43:00,2026-02-23 04:53:09,Software,4 - Low,Service Desk,MS Office 365 로그인 인증 오류,아웃룩과 액셀 실행 시 라이선스 인증 창이 계속 뜨며 정품 인증이 풀리는 현상이 있습니다.
SR10723,2026-01-26 21:33:00,2026-01-27 01:06:35,Network,3 - Moderate,Service Desk,네트워크 스위치 재부팅 요청,개발 서버 대역의 네트워크 연결 상태가 불안정하여 스위치 장비 확인 및 재부팅을 요청합니다.
SR10724,2026-01-27 16:46:00,2026-01-27 18:47:28,Software,2 - High,Software Support,Git 클라이언트 소스 동기화 에러,로컬 저장소에서 원격 저장소로 push를 할 때 권한 오류 또는 알 수 없는 오류로 실패합니다.
SR10725,2026-01-30 03:31:00,2026-01-31 07:02:44,HR,3 - Moderate,HR Team,경조사 휴가 및 경조금 신청,가족 상가로 인한 특별 휴가 신청서와 경조금 지급 신청서류를 제출합니다.
SR10726,2026-05-14 06:22:00,2026-05-14 20:51:27,Hardware,3 - Moderate,Hardware Support,마우스 및 키보드 교체 요청,"키보드의 특정 키가 눌린 채로 안 올라오고, 마우스 휠이 정상적으로 작동하지 않아 업무에 지장이 있습니다. 새 장비로 교체 요청합니다."
SR10727,2026-01-11 17:31:00,2026-01-11 20:42:11,Access,4 - Low,Service Desk,사내 인트라넷 계정 잠금 해제 요청,비밀번호를 5회 잘못 입력하여 사내 포털 계정이 잠겼습니다. 잠금 해제 및 임시 비밀번호 발급 부탁드립니다.
SR10728,2026-03-02 00:00:00,2026-03-02 09:14:12,Hardware,2 - High,Service Desk,마우스 및 키보드 교체 요청,"키보드의 특정 키가 눌린 채로 안 올라오고, 마우스 휠이 정상적으로 작동하지 않아 업무에 지장이 있습니다. 새 장비로 교체 요청합니다."
SR10729,2026-05-07 04:05:00,2026-05-07 10:05:21,Network,3 - Moderate,Network Support,방화벽 포트 오픈 신청,신규 개발 시스템 구축을 위해 개발망과 운영망 간의 특정 포트 오픈이 필요합니다.
SR10730,2026-03-07 20:14:00,2026-03-08 03:07:58,HR,2 - High,HR Team,재직증명서 국문 및 영문 발급 요청,"은행 제출용 재직증명서 국문 1부, 비자 신청용 영문 1부를 급히 발급 요청합니다."
SR10731,2026-04-29 01:06:00,2026-04-29 02:09:53,Access,2 - High,Service Desk,신규 입사자 시스템 권한 일괄 신청,"다음 주 입사 예정인 신입 사원의 메일, 메신저, 사내 시스템 접근 권한 일괄 생성을 요청합니다."
SR10732,2026-04-03 21:20:00,2026-04-04 12:38:50,Hardware,3 - Moderate,Hardware Support,마우스 및 키보드 교체 요청,"키보드의 특정 키가 눌린 채로 안 올라오고, 마우스 휠이 정상적으로 작동하지 않아 업무에 지장이 있습니다. 새 장비로 교체 요청합니다."
SR10733,2026-01-12 00:54:00,2026-01-12 04:02:27,Access,3 - Moderate,Security Team,신규 프로젝트 공유 폴더 접근 권한 신청,이번에 신규 생성된 공유 폴더인 'Project_2026'에 대한 읽기/쓰기 권한 부여를 신청합니다.
SR10734,2026-04-02 14:39:00,2026-04-02 23:51:04,Hardware,3 - Moderate,Hardware Support,마우스 및 키보드 교체 요청,"키보드의 특정 키가 눌린 채로 안 올라오고, 마우스 휠이 정상적으로 작동하지 않아 업무에 지장이 있습니다. 새 장비로 교체 요청합니다."
SR10735,2026-03-29 05:07:00,2026-03-29 09:08:06,Software,2 - High,Software Support,신규 백신 프로그램 설치 실패,사내 보안 정책에 따라 백신 프로그램을 설치하려는데 설치 도중 에러가 나면서 롤백됩니다. 설치 지원 요청합니다.
SR10736,2026-03-11 12:44:00,2026-03-11 14:29:43,Access,3 - Moderate,Service Desk,Jira 및 Confluence 프로젝트 관리자 권한 부여,부서 이동으로 인해 특정 Jira 프로젝트의 관리 권한 인계가 필요합니다.
SR10737,2026-01-29 04:44:00,2026-01-29 06:18:47,Access,3 - Moderate,Service Desk,사내 인트라넷 계정 잠금 해제 요청,비밀번호를 5회 잘못 입력하여 사내 포털 계정이 잠겼습니다. 잠금 해제 및 임시 비밀번호 발급 부탁드립니다.
SR10738,2026-04-17 18:30:00,2026-04-17 20:05:21,Network,2 - High,Network Support,인터넷 연결 끊김 장애,오늘 아침부터 특정 층 전체 인터넷 연결이 끊겼습니다. 급한 업무가 많은데 빠른 확인 부탁드립니다.
SR10739,2026-04-08 11:39:00,2026-04-09 16:13:27,HR,4 - Low,Service Desk,올해 연차 잔여 일수 확인 요청,포털에 표시되는 잔여 연차 일수와 실제 사용 일수가 상이한 것 같아 정확한 확인을 요청합니다.
SR10740,2026-05-05 03:56:00,2026-05-05 05:59:42,Network,2 - High,Network Support,네트워크 스위치 재부팅 요청,개발 서버 대역의 네트워크 연결 상태가 불안정하여 스위치 장비 확인 및 재부팅을 요청합니다.
SR10741,2026-01-17 08:41:00,2026-01-17 09:33:47,Access,2 - High,Service Desk,신규 프로젝트 공유 폴더 접근 권한 신청,이번에 신규 생성된 공유 폴더인 'Project_2026'에 대한 읽기/쓰기 권한 부여를 신청합니다.
SR10742,2026-05-28 23:36:00,2026-05-29 07:04:19,Software,3 - Moderate,Software Support,데이터베이스 클라이언트 툴 설치 요청,업무를 위해 DBeaver 설치가 필요합니다. 사내 소프트웨어 포털에서 설치가 안 되어 지원 요청합니다.
SR10743,2026-05-14 22:44:00,2026-05-15 03:30:14,Hardware,2 - High,Service Desk,PC 메모리 추가 장착 요청,최근 코딩 작업 시 메모리 부족으로 인해 PC 속도가 급격히 느려집니다. 기존 8GB에서 16GB로 업그레이드 요청합니다.
SR10744,2026-03-05 15:22:00,2026-03-06 15:34:27,HR,3 - Moderate,HR Team,사원증 분실로 인한 재발급 신청,출근 중 사원증을 분실하여 재발급을 요청합니다. 출입 권한 이전도 같이 요청합니다.
SR10745,2026-01-14 00:41:00,2026-01-14 03:21:25,Access,3 - Moderate,Security Team,보안 서버 접근용 SSH 키 등록,운영 서버 점검을 위해 개발자 공개 SSH 키 등록을 요청합니다.
SR10746,2026-02-12 02:48:00,2026-02-12 10:31:15,Hardware,3 - Moderate,Service Desk,회의실 빔프로젝터 연결 케이블 파손,대회의실 빔프로젝터에 연결하는 HDMI 케이블 단자가 파손되어 화면 출력이 되지 않습니다. 교체 바랍니다.
SR10747,2026-03-26 08:03:00,2026-03-26 11:05:18,Access,4 - Low,Service Desk,사내 인트라넷 계정 잠금 해제 요청,비밀번호를 5회 잘못 입력하여 사내 포털 계정이 잠겼습니다. 잠금 해제 및 임시 비밀번호 발급 부탁드립니다.
SR10748,2026-04-07 12:52:00,2026-04-08 23:56:00,HR,3 - Moderate,HR Team,사내 교육 수강 이력 반영 요청,지난주 완료한 직무 교육 수강 확인서를 첨부하오니 교육 이력에 반영해 주시기 바랍니다.
SR10749,2026-04-24 18:28:00,2026-04-25 06:45:31,Hardware,3 - Moderate,Hardware Support,회의실 빔프로젝터 연결 케이블 파손,대회의실 빔프로젝터에 연결하는 HDMI 케이블 단자가 파손되어 화면 출력이 되지 않습니다. 교체 바랍니다.
SR10750,2026-03-22 03:31:00,2026-03-22 08:50:37,Network,4 - Low,Service Desk,네트워크 스위치 재부팅 요청,개발 서버 대역의 네트워크 연결 상태가 불안정하여 스위치 장비 확인 및 재부팅을 요청합니다.
SR10751,2026-04-16 01:35:00,2026-04-16 03:14:26,Network,1 - Critical,Network Support,네트워크 스위치 재부팅 요청,개발 서버 대역의 네트워크 연결 상태가 불안정하여 스위치 장비 확인 및 재부팅을 요청합니다.
SR10752,2026-03-19 16:35:00,2026-03-21 04:11:26,HR,3 - Moderate,HR Team,재직증명서 국문 및 영문 발급 요청,"은행 제출용 재직증명서 국문 1부, 비자 신청용 영문 1부를 급히 발급 요청합니다."
SR10753,2026-04-04 01:52:00,2026-04-04 11:26:21,Hardware,3 - Moderate,Service Desk,마우스 및 키보드 교체 요청,"키보드의 특정 키가 눌린 채로 안 올라오고, 마우스 휠이 정상적으로 작동하지 않아 업무에 지장이 있습니다. 새 장비로 교체 요청합니다."
SR10754,2026-05-24 19:38:00,2026-05-25 05:25:45,Hardware,3 - Moderate,Service Desk,마우스 및 키보드 교체 요청,"키보드의 특정 키가 눌린 채로 안 올라오고, 마우스 휠이 정상적으로 작동하지 않아 업무에 지장이 있습니다. 새 장비로 교체 요청합니다."
SR10755,2026-01-30 03:48:00,2026-01-30 05:03:51,Access,3 - Moderate,Service Desk,Jira 및 Confluence 프로젝트 관리자 권한 부여,부서 이동으로 인해 특정 Jira 프로젝트의 관리 권한 인계가 필요합니다.
SR10756,2026-04-01 20:51:00,2026-04-01 22:39:38,Hardware,1 - Critical,Hardware Support,마우스 및 키보드 교체 요청,"키보드의 특정 키가 눌린 채로 안 올라오고, 마우스 휠이 정상적으로 작동하지 않아 업무에 지장이 있습니다. 새 장비로 교체 요청합니다."
SR10757,2026-01-12 05:31:00,2026-01-12 10:28:46,Software,3 - Moderate,Service Desk,개발 IDE 라이선스 만료 및 갱신,사용 중인 IntelliJ 개발 라이선스가 만료되어 실행이 되지 않습니다. 라이선스 키 갱신 또는 재발급 요청합니다.
SR10758,2026-03-07 19:12:00,2026-03-08 02:39:08,Hardware,3 - Moderate,Service Desk,듀얼 모니터 미인식 문제,모니터를 새로 연결했는데 PC에서 듀얼 모니터 인식이 안 되고 화면이 나오지 않습니다.
SR10759,2026-02-25 14:52:00,2026-02-26 05:11:40,Hardware,3 - Moderate,Hardware Support,회의실 빔프로젝터 연결 케이블 파손,대회의실 빔프로젝터에 연결하는 HDMI 케이블 단자가 파손되어 화면 출력이 되지 않습니다. 교체 바랍니다.
SR10760,2026-04-17 01:59:00,2026-04-17 07:26:18,Hardware,3 - Moderate,Service Desk,듀얼 모니터 미인식 문제,모니터를 새로 연결했는데 PC에서 듀얼 모니터 인식이 안 되고 화면이 나오지 않습니다.
SR10761,2026-04-28 21:37:00,2026-04-30 01:54:10,HR,3 - Moderate,HR Team,사원증 분실로 인한 재발급 신청,출근 중 사원증을 분실하여 재발급을 요청합니다. 출입 권한 이전도 같이 요청합니다.
SR10762,2026-01-02 16:47:00,2026-01-03 23:48:07,HR,3 - Moderate,HR Team,사원증 분실로 인한 재발급 신청,출근 중 사원증을 분실하여 재발급을 요청합니다. 출입 권한 이전도 같이 요청합니다.
SR10763,2026-05-04 16:49:00,2026-05-04 23:13:05,Network,4 - Low,Service Desk,방화벽 포트 오픈 신청,신규 개발 시스템 구축을 위해 개발망과 운영망 간의 특정 포트 오픈이 필요합니다.
SR10764,2026-01-27 12:42:00,2026-01-28 05:09:22,Hardware,3 - Moderate,Hardware Support,노트북 전원 불량 및 켜지지 않음,어제 저녁까지 잘 쓰던 노트북이 오늘 아침에 전원 버튼을 눌러도 반응이 없고 충전 표시등도 켜지지 않습니다.
SR10765,2026-04-09 13:38:00,2026-04-10 09:20:52,HR,3 - Moderate,Service Desk,사내 교육 수강 이력 반영 요청,지난주 완료한 직무 교육 수강 확인서를 첨부하오니 교육 이력에 반영해 주시기 바랍니다.
SR10766,2026-03-29 09:28:00,2026-03-29 18:54:27,Hardware,3 - Moderate,Service Desk,회의실 빔프로젝터 연결 케이블 파손,대회의실 빔프로젝터에 연결하는 HDMI 케이블 단자가 파손되어 화면 출력이 되지 않습니다. 교체 바랍니다.
SR10767,2026-05-12 09:53:00,2026-05-13 01:56:30,Hardware,3 - Moderate,Hardware Support,회의실 빔프로젝터 연결 케이블 파손,대회의실 빔프로젝터에 연결하는 HDMI 케이블 단자가 파손되어 화면 출력이 되지 않습니다. 교체 바랍니다.
SR10768,2026-02-25 06:13:00,2026-02-26 08:28:15,HR,3 - Moderate,Service Desk,사내 교육 수강 이력 반영 요청,지난주 완료한 직무 교육 수강 확인서를 첨부하오니 교육 이력에 반영해 주시기 바랍니다.
SR10769,2026-02-03 22:41:00,2026-02-04 20:45:41,HR,3 - Moderate,Service Desk,경조사 휴가 및 경조금 신청,가족 상가로 인한 특별 휴가 신청서와 경조금 지급 신청서류를 제출합니다.
SR10770,2026-04-01 17:30:00,2026-04-01 20:09:20,Hardware,2 - High,Service Desk,듀얼 모니터 미인식 문제,모니터를 새로 연결했는데 PC에서 듀얼 모니터 인식이 안 되고 화면이 나오지 않습니다.
SR10771,2026-03-15 13:51:00,2026-03-16 15:06:12,HR,3 - Moderate,Service Desk,사내 교육 수강 이력 반영 요청,지난주 완료한 직무 교육 수강 확인서를 첨부하오니 교육 이력에 반영해 주시기 바랍니다.
SR10772,2026-04-08 04:03:00,2026-04-08 07:46:48,Network,3 - Moderate,Network Support,인터넷 연결 끊김 장애,오늘 아침부터 특정 층 전체 인터넷 연결이 끊겼습니다. 급한 업무가 많은데 빠른 확인 부탁드립니다.
SR10773,2026-02-11 09:43:00,2026-02-11 12:10:14,Network,2 - High,Network Support,와이파이 신호 불량 및 속도 저하,회의실 A에서 사내 와이파이 연결이 자주 끊기고 속도가 너무 느려서 회의 진행이 어렵습니다.
SR10774,2026-03-17 06:48:00,2026-03-17 13:32:12,Software,3 - Moderate,Software Support,개발 IDE 라이선스 만료 및 갱신,사용 중인 IntelliJ 개발 라이선스가 만료되어 실행이 되지 않습니다. 라이선스 키 갱신 또는 재발급 요청합니다.
SR10775,2026-04-26 03:39:00,2026-04-27 13:07:32,HR,3 - Moderate,HR Team,경조사 휴가 및 경조금 신청,가족 상가로 인한 특별 휴가 신청서와 경조금 지급 신청서류를 제출합니다.
SR10776,2026-04-10 07:32:00,2026-04-12 00:09:25,HR,3 - Moderate,HR Team,사내 교육 수강 이력 반영 요청,지난주 완료한 직무 교육 수강 확인서를 첨부하오니 교육 이력에 반영해 주시기 바랍니다.
SR10777,2026-04-10 13:50:00,2026-04-10 17:32:49,Software,2 - High,Software Support,Git 클라이언트 소스 동기화 에러,로컬 저장소에서 원격 저장소로 push를 할 때 권한 오류 또는 알 수 없는 오류로 실패합니다.
SR10778,2026-03-06 06:39:00,2026-03-06 10:39:30,Software,2 - High,Software Support,개발 IDE 라이선스 만료 및 갱신,사용 중인 IntelliJ 개발 라이선스가 만료되어 실행이 되지 않습니다. 라이선스 키 갱신 또는 재발급 요청합니다.
SR10779,2026-05-31 17:47:00,2026-05-31 20:37:38,Access,3 - Moderate,Security Team,신규 입사자 시스템 권한 일괄 신청,"다음 주 입사 예정인 신입 사원의 메일, 메신저, 사내 시스템 접근 권한 일괄 생성을 요청합니다."
SR10780,2026-03-17 14:11:00,2026-03-18 21:10:08,HR,3 - Moderate,HR Team,올해 연차 잔여 일수 확인 요청,포털에 표시되는 잔여 연차 일수와 실제 사용 일수가 상이한 것 같아 정확한 확인을 요청합니다.
SR10781,2026-05-12 03:24:00,2026-05-12 07:52:09,Network,3 - Moderate,Network Support,사내 VPN 접속 오류 발생,외부 출장 중에 사내 VPN에 접속하려고 하면 403 에러가 발생하며 로그인이 되지 않습니다.
SR10782,2026-05-23 08:08:00,2026-05-23 11:30:07,Network,3 - Moderate,Service Desk,와이파이 신호 불량 및 속도 저하,회의실 A에서 사내 와이파이 연결이 자주 끊기고 속도가 너무 느려서 회의 진행이 어렵습니다.
SR10783,2026-03-26 14:45:00,2026-03-26 22:41:01,Hardware,3 - Moderate,Service Desk,듀얼 모니터 미인식 문제,모니터를 새로 연결했는데 PC에서 듀얼 모니터 인식이 안 되고 화면이 나오지 않습니다.
SR10784,2026-03-24 19:03:00,2026-03-25 08:23:59,Hardware,3 - Moderate,Hardware Support,노트북 전원 불량 및 켜지지 않음,어제 저녁까지 잘 쓰던 노트북이 오늘 아침에 전원 버튼을 눌러도 반응이 없고 충전 표시등도 켜지지 않습니다.
SR10785,2026-05-27 17:22:00,2026-05-28 23:27:47,HR,4 - Low,Service Desk,사원증 분실로 인한 재발급 신청,출근 중 사원증을 분실하여 재발급을 요청합니다. 출입 권한 이전도 같이 요청합니다.
SR10786,2026-02-26 05:33:00,2026-02-26 10:50:43,Network,3 - Moderate,Service Desk,방화벽 포트 오픈 신청,신규 개발 시스템 구축을 위해 개발망과 운영망 간의 특정 포트 오픈이 필요합니다.
SR10787,2026-05-20 17:25:00,2026-05-20 23:17:46,Network,3 - Moderate,Network Support,네트워크 스위치 재부팅 요청,개발 서버 대역의 네트워크 연결 상태가 불안정하여 스위치 장비 확인 및 재부팅을 요청합니다.
SR10788,2026-02-24 21:21:00,2026-02-25 00:46:48,Network,4 - Low,Service Desk,사내 VPN 접속 오류 발생,외부 출장 중에 사내 VPN에 접속하려고 하면 403 에러가 발생하며 로그인이 되지 않습니다.
SR10789,2026-02-25 19:33:00,2026-02-26 00:52:41,Software,3 - Moderate,Service Desk,신규 백신 프로그램 설치 실패,사내 보안 정책에 따라 백신 프로그램을 설치하려는데 설치 도중 에러가 나면서 롤백됩니다. 설치 지원 요청합니다.
SR10790,2026-03-30 14:15:00,2026-03-30 18:41:52,Access,4 - Low,Security Team,신규 프로젝트 공유 폴더 접근 권한 신청,이번에 신규 생성된 공유 폴더인 'Project_2026'에 대한 읽기/쓰기 권한 부여를 신청합니다.
SR10791,2026-03-24 12:58:00,2026-03-25 20:24:36,HR,3 - Moderate,HR Team,재직증명서 국문 및 영문 발급 요청,"은행 제출용 재직증명서 국문 1부, 비자 신청용 영문 1부를 급히 발급 요청합니다."
SR10792,2026-05-19 23:18:00,2026-05-20 02:50:51,Network,3 - Moderate,Service Desk,와이파이 신호 불량 및 속도 저하,회의실 A에서 사내 와이파이 연결이 자주 끊기고 속도가 너무 느려서 회의 진행이 어렵습니다.
SR10793,2026-05-11 14:31:00,2026-05-11 18:47:30,Network,3 - Moderate,Service Desk,방화벽 포트 오픈 신청,신규 개발 시스템 구축을 위해 개발망과 운영망 간의 특정 포트 오픈이 필요합니다.
SR10794,2026-03-24 16:05:00,2026-03-24 17:27:51,Network,2 - High,Service Desk,사내 VPN 접속 오류 발생,외부 출장 중에 사내 VPN에 접속하려고 하면 403 에러가 발생하며 로그인이 되지 않습니다.
SR10795,2026-05-17 00:40:00,2026-05-17 06:46:41,Network,3 - Moderate,Network Support,방화벽 포트 오픈 신청,신규 개발 시스템 구축을 위해 개발망과 운영망 간의 특정 포트 오픈이 필요합니다.
SR10796,2026-04-19 03:13:00,2026-04-19 07:12:09,Network,3 - Moderate,Network Support,사내 VPN 접속 오류 발생,외부 출장 중에 사내 VPN에 접속하려고 하면 403 에러가 발생하며 로그인이 되지 않습니다.
SR10797,2026-02-09 00:29:00,2026-02-10 15:10:03,HR,4 - Low,Service Desk,재직증명서 국문 및 영문 발급 요청,"은행 제출용 재직증명서 국문 1부, 비자 신청용 영문 1부를 급히 발급 요청합니다."
SR10798,2026-01-19 01:11:00,2026-01-19 13:11:57,Software,4 - Low,Software Support,개발 IDE 라이선스 만료 및 갱신,사용 중인 IntelliJ 개발 라이선스가 만료되어 실행이 되지 않습니다. 라이선스 키 갱신 또는 재발급 요청합니다.
SR10799,2026-02-28 08:26:00,2026-02-28 14:54:03,Software,3 - Moderate,Software Support,데이터베이스 클라이언트 툴 설치 요청,업무를 위해 DBeaver 설치가 필요합니다. 사내 소프트웨어 포털에서 설치가 안 되어 지원 요청합니다.
SR10800,2026-04-21 10:01:00,2026-04-21 12:40:59,Access,4 - Low,Service Desk,Jira 및 Confluence 프로젝트 관리자 권한 부여,부서 이동으로 인해 특정 Jira 프로젝트의 관리 권한 인계가 필요합니다.
SR10801,2026-01-02 20:46:00,2026-01-02 23:23:13,Access,3 - Moderate,Security Team,보안 서버 접근용 SSH 키 등록,운영 서버 점검을 위해 개발자 공개 SSH 키 등록을 요청합니다.
SR10802,2026-01-12 22:54:00,2026-01-13 19:08:49,HR,2 - High,HR Team,사내 교육 수강 이력 반영 요청,지난주 완료한 직무 교육 수강 확인서를 첨부하오니 교육 이력에 반영해 주시기 바랍니다.
SR10803,2026-01-28 09:50:00,2026-01-28 16:05:49,Network,4 - Low,Service Desk,방화벽 포트 오픈 신청,신규 개발 시스템 구축을 위해 개발망과 운영망 간의 특정 포트 오픈이 필요합니다.
SR10804,2026-04-23 12:25:00,2026-04-23 14:12:01,Software,1 - Critical,Software Support,신규 백신 프로그램 설치 실패,사내 보안 정책에 따라 백신 프로그램을 설치하려는데 설치 도중 에러가 나면서 롤백됩니다. 설치 지원 요청합니다.
SR10805,2026-05-17 07:08:00,2026-05-17 09:39:07,Network,3 - Moderate,Service Desk,사내 VPN 접속 오류 발생,외부 출장 중에 사내 VPN에 접속하려고 하면 403 에러가 발생하며 로그인이 되지 않습니다.
SR10806,2026-03-18 21:56:00,2026-03-19 01:03:54,Access,4 - Low,Service Desk,사내 인트라넷 계정 잠금 해제 요청,비밀번호를 5회 잘못 입력하여 사내 포털 계정이 잠겼습니다. 잠금 해제 및 임시 비밀번호 발급 부탁드립니다.
SR10807,2026-05-23 04:07:00,2026-05-23 13:34:26,Software,4 - Low,Software Support,데이터베이스 클라이언트 툴 설치 요청,업무를 위해 DBeaver 설치가 필요합니다. 사내 소프트웨어 포털에서 설치가 안 되어 지원 요청합니다.
SR10808,2026-04-11 17:35:00,2026-04-12 01:37:03,Network,3 - Moderate,Network Support,방화벽 포트 오픈 신청,신규 개발 시스템 구축을 위해 개발망과 운영망 간의 특정 포트 오픈이 필요합니다.
SR10809,2026-03-30 06:26:00,2026-03-30 09:30:34,Network,3 - Moderate,Service Desk,사내 VPN 접속 오류 발생,외부 출장 중에 사내 VPN에 접속하려고 하면 403 에러가 발생하며 로그인이 되지 않습니다.
SR10810,2026-02-17 07:39:00,2026-02-18 18:58:15,HR,3 - Moderate,HR Team,올해 연차 잔여 일수 확인 요청,포털에 표시되는 잔여 연차 일수와 실제 사용 일수가 상이한 것 같아 정확한 확인을 요청합니다.
SR10811,2026-02-16 21:51:00,2026-02-17 09:39:56,Software,4 - Low,Software Support,개발 IDE 라이선스 만료 및 갱신,사용 중인 IntelliJ 개발 라이선스가 만료되어 실행이 되지 않습니다. 라이선스 키 갱신 또는 재발급 요청합니다.
SR10812,2026-04-29 20:35:00,2026-05-01 07:06:38,HR,3 - Moderate,HR Team,사내 교육 수강 이력 반영 요청,지난주 완료한 직무 교육 수강 확인서를 첨부하오니 교육 이력에 반영해 주시기 바랍니다.
SR10813,2026-03-06 03:12:00,2026-03-06 05:59:22,Network,3 - Moderate,Service Desk,인터넷 연결 끊김 장애,오늘 아침부터 특정 층 전체 인터넷 연결이 끊겼습니다. 급한 업무가 많은데 빠른 확인 부탁드립니다.
SR10814,2026-04-02 04:42:00,2026-04-02 12:28:56,HR,1 - Critical,Service Desk,경조사 휴가 및 경조금 신청,가족 상가로 인한 특별 휴가 신청서와 경조금 지급 신청서류를 제출합니다.
SR10815,2026-01-18 06:20:00,2026-01-19 02:15:54,Hardware,4 - Low,Hardware Support,마우스 및 키보드 교체 요청,"키보드의 특정 키가 눌린 채로 안 올라오고, 마우스 휠이 정상적으로 작동하지 않아 업무에 지장이 있습니다. 새 장비로 교체 요청합니다."
SR10816,2026-03-20 22:37:00,2026-03-21 00:09:32,Access,2 - High,Service Desk,신규 입사자 시스템 권한 일괄 신청,"다음 주 입사 예정인 신입 사원의 메일, 메신저, 사내 시스템 접근 권한 일괄 생성을 요청합니다."
SR10817,2026-04-20 05:00:00,2026-04-20 13:50:20,Hardware,3 - Moderate,Service Desk,마우스 및 키보드 교체 요청,"키보드의 특정 키가 눌린 채로 안 올라오고, 마우스 휠이 정상적으로 작동하지 않아 업무에 지장이 있습니다. 새 장비로 교체 요청합니다."
SR10818,2026-04-22 08:53:00,2026-04-22 15:09:41,Software,3 - Moderate,Software Support,MS Office 365 로그인 인증 오류,아웃룩과 액셀 실행 시 라이선스 인증 창이 계속 뜨며 정품 인증이 풀리는 현상이 있습니다.
SR10819,2026-05-03 14:28:00,2026-05-03 19:33:52,Software,2 - High,Software Support,신규 백신 프로그램 설치 실패,사내 보안 정책에 따라 백신 프로그램을 설치하려는데 설치 도중 에러가 나면서 롤백됩니다. 설치 지원 요청합니다.
SR10820,2026-05-22 03:11:00,2026-05-22 07:13:24,Software,3 - Moderate,Service Desk,Git 클라이언트 소스 동기화 에러,로컬 저장소에서 원격 저장소로 push를 할 때 권한 오류 또는 알 수 없는 오류로 실패합니다.
SR10821,2026-02-05 17:12:00,2026-02-06 05:38:14,HR,1 - Critical,HR Team,경조사 휴가 및 경조금 신청,가족 상가로 인한 특별 휴가 신청서와 경조금 지급 신청서류를 제출합니다.
SR10822,2026-01-05 16:40:00,2026-01-05 22:47:51,Software,3 - Moderate,Software Support,개발 IDE 라이선스 만료 및 갱신,사용 중인 IntelliJ 개발 라이선스가 만료되어 실행이 되지 않습니다. 라이선스 키 갱신 또는 재발급 요청합니다.
SR10823,2026-02-24 01:35:00,2026-02-24 02:48:01,Network,2 - High,Service Desk,방화벽 포트 오픈 신청,신규 개발 시스템 구축을 위해 개발망과 운영망 간의 특정 포트 오픈이 필요합니다.
SR10824,2026-04-04 12:14:00,2026-04-04 15:29:05,Software,3 - Moderate,Service Desk,MS Office 365 로그인 인증 오류,아웃룩과 액셀 실행 시 라이선스 인증 창이 계속 뜨며 정품 인증이 풀리는 현상이 있습니다.
SR10825,2026-04-29 16:32:00,2026-04-30 04:11:40,HR,3 - Moderate,Service Desk,올해 연차 잔여 일수 확인 요청,포털에 표시되는 잔여 연차 일수와 실제 사용 일수가 상이한 것 같아 정확한 확인을 요청합니다.
SR10826,2026-05-09 00:42:00,2026-05-09 04:28:50,Network,4 - Low,Service Desk,와이파이 신호 불량 및 속도 저하,회의실 A에서 사내 와이파이 연결이 자주 끊기고 속도가 너무 느려서 회의 진행이 어렵습니다.
SR10827,2026-02-05 14:10:00,2026-02-06 12:17:47,Hardware,3 - Moderate,Hardware Support,PC 메모리 추가 장착 요청,최근 코딩 작업 시 메모리 부족으로 인해 PC 속도가 급격히 느려집니다. 기존 8GB에서 16GB로 업그레이드 요청합니다.
SR10828,2026-04-02 01:14:00,2026-04-02 17:43:59,Hardware,3 - Moderate,Hardware Support,회의실 빔프로젝터 연결 케이블 파손,대회의실 빔프로젝터에 연결하는 HDMI 케이블 단자가 파손되어 화면 출력이 되지 않습니다. 교체 바랍니다.
SR10829,2026-03-09 11:14:00,2026-03-09 12:34:11,Access,2 - High,Security Team,신규 프로젝트 공유 폴더 접근 권한 신청,이번에 신규 생성된 공유 폴더인 'Project_2026'에 대한 읽기/쓰기 권한 부여를 신청합니다.
SR10830,2026-04-03 12:30:00,2026-04-03 20:28:01,Network,3 - Moderate,Network Support,방화벽 포트 오픈 신청,신규 개발 시스템 구축을 위해 개발망과 운영망 간의 특정 포트 오픈이 필요합니다.
SR10831,2026-03-24 03:45:00,2026-03-24 05:11:40,Access,2 - High,Security Team,신규 프로젝트 공유 폴더 접근 권한 신청,이번에 신규 생성된 공유 폴더인 'Project_2026'에 대한 읽기/쓰기 권한 부여를 신청합니다.
SR10832,2026-05-29 17:36:00,2026-05-30 19:30:02,HR,3 - Moderate,Service Desk,경조사 휴가 및 경조금 신청,가족 상가로 인한 특별 휴가 신청서와 경조금 지급 신청서류를 제출합니다.
SR10833,2026-04-04 18:41:00,2026-04-05 07:40:45,Hardware,3 - Moderate,Service Desk,회의실 빔프로젝터 연결 케이블 파손,대회의실 빔프로젝터에 연결하는 HDMI 케이블 단자가 파손되어 화면 출력이 되지 않습니다. 교체 바랍니다.
SR10834,2026-02-27 16:25:00,2026-02-27 19:14:30,Network,3 - Moderate,Service Desk,네트워크 스위치 재부팅 요청,개발 서버 대역의 네트워크 연결 상태가 불안정하여 스위치 장비 확인 및 재부팅을 요청합니다.
SR10835,2026-05-04 19:00:00,2026-05-05 01:21:21,Software,4 - Low,Service Desk,Git 클라이언트 소스 동기화 에러,로컬 저장소에서 원격 저장소로 push를 할 때 권한 오류 또는 알 수 없는 오류로 실패합니다.
SR10836,2026-02-12 07:04:00,2026-02-13 17:11:47,HR,3 - Moderate,HR Team,사원증 분실로 인한 재발급 신청,출근 중 사원증을 분실하여 재발급을 요청합니다. 출입 권한 이전도 같이 요청합니다.
SR10837,2026-02-08 05:10:00,2026-02-08 22:01:45,HR,3 - Moderate,Service Desk,올해 연차 잔여 일수 확인 요청,포털에 표시되는 잔여 연차 일수와 실제 사용 일수가 상이한 것 같아 정확한 확인을 요청합니다.
SR10838,2026-04-17 10:46:00,2026-04-17 14:31:46,Software,3 - Moderate,Software Support,MS Office 365 로그인 인증 오류,아웃룩과 액셀 실행 시 라이선스 인증 창이 계속 뜨며 정품 인증이 풀리는 현상이 있습니다.
SR10839,2026-05-03 06:37:00,2026-05-03 08:41:50,Network,2 - High,Service Desk,네트워크 스위치 재부팅 요청,개발 서버 대역의 네트워크 연결 상태가 불안정하여 스위치 장비 확인 및 재부팅을 요청합니다.
SR10840,2026-03-04 01:08:00,2026-03-04 09:12:55,Hardware,3 - Moderate,Service Desk,듀얼 모니터 미인식 문제,모니터를 새로 연결했는데 PC에서 듀얼 모니터 인식이 안 되고 화면이 나오지 않습니다.
SR10841,2026-05-12 01:57:00,2026-05-13 06:15:47,HR,3 - Moderate,HR Team,올해 연차 잔여 일수 확인 요청,포털에 표시되는 잔여 연차 일수와 실제 사용 일수가 상이한 것 같아 정확한 확인을 요청합니다.
SR10842,2026-02-12 08:59:00,2026-02-13 23:18:42,HR,3 - Moderate,HR Team,재직증명서 국문 및 영문 발급 요청,"은행 제출용 재직증명서 국문 1부, 비자 신청용 영문 1부를 급히 발급 요청합니다."
SR10843,2026-05-25 20:01:00,2026-05-26 09:50:46,Hardware,3 - Moderate,Service Desk,PC 메모리 추가 장착 요청,최근 코딩 작업 시 메모리 부족으로 인해 PC 속도가 급격히 느려집니다. 기존 8GB에서 16GB로 업그레이드 요청합니다.
SR10844,2026-04-25 19:30:00,2026-04-26 01:00:29,Software,3 - Moderate,Software Support,MS Office 365 로그인 인증 오류,아웃룩과 액셀 실행 시 라이선스 인증 창이 계속 뜨며 정품 인증이 풀리는 현상이 있습니다.
SR10845,2026-04-16 19:09:00,2026-04-16 22:22:19,Access,3 - Moderate,Security Team,사내 인트라넷 계정 잠금 해제 요청,비밀번호를 5회 잘못 입력하여 사내 포털 계정이 잠겼습니다. 잠금 해제 및 임시 비밀번호 발급 부탁드립니다.
SR10846,2026-05-11 08:10:00,2026-05-13 21:56:10,HR,4 - Low,HR Team,사내 교육 수강 이력 반영 요청,지난주 완료한 직무 교육 수강 확인서를 첨부하오니 교육 이력에 반영해 주시기 바랍니다.
SR10847,2026-01-18 07:24:00,2026-01-18 10:27:22,Software,3 - Moderate,Service Desk,데이터베이스 클라이언트 툴 설치 요청,업무를 위해 DBeaver 설치가 필요합니다. 사내 소프트웨어 포털에서 설치가 안 되어 지원 요청합니다.
SR10848,2026-01-05 06:33:00,2026-01-05 07:33:35,Access,2 - High,Security Team,신규 프로젝트 공유 폴더 접근 권한 신청,이번에 신규 생성된 공유 폴더인 'Project_2026'에 대한 읽기/쓰기 권한 부여를 신청합니다.
SR10849,2026-01-25 05:30:00,2026-01-25 06:04:18,HR,1 - Critical,Service Desk,올해 연차 잔여 일수 확인 요청,포털에 표시되는 잔여 연차 일수와 실제 사용 일수가 상이한 것 같아 정확한 확인을 요청합니다.
SR10850,2026-05-09 03:05:00,2026-05-09 09:58:24,HR,1 - Critical,HR Team,사내 교육 수강 이력 반영 요청,지난주 완료한 직무 교육 수강 확인서를 첨부하오니 교육 이력에 반영해 주시기 바랍니다.
SR10851,2026-05-19 00:57:00,2026-05-19 03:34:53,Access,3 - Moderate,Security Team,보안 서버 접근용 SSH 키 등록,운영 서버 점검을 위해 개발자 공개 SSH 키 등록을 요청합니다.
SR10852,2026-01-12 22:33:00,2026-01-13 01:01:58,Access,3 - Moderate,Service Desk,신규 입사자 시스템 권한 일괄 신청,"다음 주 입사 예정인 신입 사원의 메일, 메신저, 사내 시스템 접근 권한 일괄 생성을 요청합니다."
SR10853,2026-04-08 11:37:00,2026-04-08 15:09:29,Access,4 - Low,Security Team,Jira 및 Confluence 프로젝트 관리자 권한 부여,부서 이동으로 인해 특정 Jira 프로젝트의 관리 권한 인계가 필요합니다.
SR10854,2026-02-04 08:30:00,2026-02-04 22:45:24,HR,2 - High,HR Team,사원증 분실로 인한 재발급 신청,출근 중 사원증을 분실하여 재발급을 요청합니다. 출입 권한 이전도 같이 요청합니다.
SR10855,2026-05-20 13:16:00,2026-05-21 06:10:10,Hardware,3 - Moderate,Hardware Support,마우스 및 키보드 교체 요청,"키보드의 특정 키가 눌린 채로 안 올라오고, 마우스 휠이 정상적으로 작동하지 않아 업무에 지장이 있습니다. 새 장비로 교체 요청합니다."
SR10856,2026-05-28 16:07:00,2026-05-28 23:41:12,Hardware,2 - High,Hardware Support,듀얼 모니터 미인식 문제,모니터를 새로 연결했는데 PC에서 듀얼 모니터 인식이 안 되고 화면이 나오지 않습니다.
SR10857,2026-02-22 22:51:00,2026-02-24 03:23:06,HR,3 - Moderate,HR Team,사원증 분실로 인한 재발급 신청,출근 중 사원증을 분실하여 재발급을 요청합니다. 출입 권한 이전도 같이 요청합니다.
SR10858,2026-01-28 04:27:00,2026-01-28 10:17:04,Software,3 - Moderate,Service Desk,신규 백신 프로그램 설치 실패,사내 보안 정책에 따라 백신 프로그램을 설치하려는데 설치 도중 에러가 나면서 롤백됩니다. 설치 지원 요청합니다.
SR10859,2026-05-18 13:36:00,2026-05-19 02:00:04,HR,2 - High,Service Desk,경조사 휴가 및 경조금 신청,가족 상가로 인한 특별 휴가 신청서와 경조금 지급 신청서류를 제출합니다.
SR10860,2026-02-22 13:35:00,2026-02-22 17:42:28,Software,3 - Moderate,Service Desk,Git 클라이언트 소스 동기화 에러,로컬 저장소에서 원격 저장소로 push를 할 때 권한 오류 또는 알 수 없는 오류로 실패합니다.
SR10861,2026-04-05 17:35:00,2026-04-06 10:43:08,HR,3 - Moderate,Service Desk,올해 연차 잔여 일수 확인 요청,포털에 표시되는 잔여 연차 일수와 실제 사용 일수가 상이한 것 같아 정확한 확인을 요청합니다.
SR10862,2026-05-28 11:49:00,2026-05-28 14:33:21,Access,4 - Low,Service Desk,신규 입사자 시스템 권한 일괄 신청,"다음 주 입사 예정인 신입 사원의 메일, 메신저, 사내 시스템 접근 권한 일괄 생성을 요청합니다."
SR10863,2026-02-28 14:50:00,2026-02-28 17:36:18,Access,3 - Moderate,Security Team,신규 프로젝트 공유 폴더 접근 권한 신청,이번에 신규 생성된 공유 폴더인 'Project_2026'에 대한 읽기/쓰기 권한 부여를 신청합니다.
SR10864,2026-05-11 12:50:00,2026-05-12 08:55:14,Hardware,4 - Low,Hardware Support,노트북 전원 불량 및 켜지지 않음,어제 저녁까지 잘 쓰던 노트북이 오늘 아침에 전원 버튼을 눌러도 반응이 없고 충전 표시등도 켜지지 않습니다.
SR10865,2026-04-10 20:00:00,2026-04-11 01:05:44,Software,3 - Moderate,Software Support,MS Office 365 로그인 인증 오류,아웃룩과 액셀 실행 시 라이선스 인증 창이 계속 뜨며 정품 인증이 풀리는 현상이 있습니다.
SR10866,2026-04-22 02:04:00,2026-04-22 06:33:03,Network,3 - Moderate,Network Support,네트워크 스위치 재부팅 요청,개발 서버 대역의 네트워크 연결 상태가 불안정하여 스위치 장비 확인 및 재부팅을 요청합니다.
SR10867,2026-01-21 19:02:00,2026-01-21 22:45:51,Software,2 - High,Software Support,신규 백신 프로그램 설치 실패,사내 보안 정책에 따라 백신 프로그램을 설치하려는데 설치 도중 에러가 나면서 롤백됩니다. 설치 지원 요청합니다.
SR10868,2026-05-14 09:45:00,2026-05-14 12:10:49,Access,4 - Low,Service Desk,보안 서버 접근용 SSH 키 등록,운영 서버 점검을 위해 개발자 공개 SSH 키 등록을 요청합니다.
SR10869,2026-05-07 14:00:00,2026-05-08 14:43:41,HR,3 - Moderate,HR Team,올해 연차 잔여 일수 확인 요청,포털에 표시되는 잔여 연차 일수와 실제 사용 일수가 상이한 것 같아 정확한 확인을 요청합니다.
SR10870,2026-01-09 19:32:00,2026-01-10 05:34:41,Hardware,3 - Moderate,Service Desk,노트북 전원 불량 및 켜지지 않음,어제 저녁까지 잘 쓰던 노트북이 오늘 아침에 전원 버튼을 눌러도 반응이 없고 충전 표시등도 켜지지 않습니다.
SR10871,2026-02-13 21:02:00,2026-02-15 10:52:55,HR,3 - Moderate,HR Team,사내 교육 수강 이력 반영 요청,지난주 완료한 직무 교육 수강 확인서를 첨부하오니 교육 이력에 반영해 주시기 바랍니다.
SR10872,2026-02-10 02:17:00,2026-02-10 13:24:46,Software,4 - Low,Software Support,개발 IDE 라이선스 만료 및 갱신,사용 중인 IntelliJ 개발 라이선스가 만료되어 실행이 되지 않습니다. 라이선스 키 갱신 또는 재발급 요청합니다.
SR10873,2026-04-14 18:12:00,2026-04-14 19:37:07,Access,3 - Moderate,Service Desk,Jira 및 Confluence 프로젝트 관리자 권한 부여,부서 이동으로 인해 특정 Jira 프로젝트의 관리 권한 인계가 필요합니다.
SR10874,2026-01-24 17:18:00,2026-01-26 01:32:35,HR,3 - Moderate,HR Team,재직증명서 국문 및 영문 발급 요청,"은행 제출용 재직증명서 국문 1부, 비자 신청용 영문 1부를 급히 발급 요청합니다."
SR10875,2026-03-12 07:38:00,2026-03-13 04:52:29,HR,3 - Moderate,Service Desk,경조사 휴가 및 경조금 신청,가족 상가로 인한 특별 휴가 신청서와 경조금 지급 신청서류를 제출합니다.
SR10876,2026-05-28 00:16:00,2026-05-28 10:00:38,Hardware,3 - Moderate,Service Desk,회의실 빔프로젝터 연결 케이블 파손,대회의실 빔프로젝터에 연결하는 HDMI 케이블 단자가 파손되어 화면 출력이 되지 않습니다. 교체 바랍니다.
SR10877,2026-01-28 17:04:00,2026-01-29 06:21:38,Hardware,3 - Moderate,Service Desk,PC 메모리 추가 장착 요청,최근 코딩 작업 시 메모리 부족으로 인해 PC 속도가 급격히 느려집니다. 기존 8GB에서 16GB로 업그레이드 요청합니다.
SR10878,2026-01-30 16:16:00,2026-01-31 00:19:49,HR,2 - High,Service Desk,경조사 휴가 및 경조금 신청,가족 상가로 인한 특별 휴가 신청서와 경조금 지급 신청서류를 제출합니다.
SR10879,2026-04-07 18:30:00,2026-04-08 12:26:21,HR,3 - Moderate,Service Desk,사원증 분실로 인한 재발급 신청,출근 중 사원증을 분실하여 재발급을 요청합니다. 출입 권한 이전도 같이 요청합니다.
SR10880,2026-04-28 18:55:00,2026-04-29 11:08:53,Hardware,4 - Low,Service Desk,회의실 빔프로젝터 연결 케이블 파손,대회의실 빔프로젝터에 연결하는 HDMI 케이블 단자가 파손되어 화면 출력이 되지 않습니다. 교체 바랍니다.
SR10881,2026-03-08 02:24:00,2026-03-08 04:57:29,Network,2 - High,Service Desk,인터넷 연결 끊김 장애,오늘 아침부터 특정 층 전체 인터넷 연결이 끊겼습니다. 급한 업무가 많은데 빠른 확인 부탁드립니다.
SR10882,2026-04-16 11:33:00,2026-04-17 08:37:04,Hardware,4 - Low,Hardware Support,마우스 및 키보드 교체 요청,"키보드의 특정 키가 눌린 채로 안 올라오고, 마우스 휠이 정상적으로 작동하지 않아 업무에 지장이 있습니다. 새 장비로 교체 요청합니다."
SR10883,2026-03-05 09:05:00,2026-03-06 14:25:54,HR,3 - Moderate,HR Team,경조사 휴가 및 경조금 신청,가족 상가로 인한 특별 휴가 신청서와 경조금 지급 신청서류를 제출합니다.
SR10884,2026-05-22 05:30:00,2026-05-22 07:32:51,Access,3 - Moderate,Service Desk,신규 프로젝트 공유 폴더 접근 권한 신청,이번에 신규 생성된 공유 폴더인 'Project_2026'에 대한 읽기/쓰기 권한 부여를 신청합니다.
SR10885,2026-05-27 08:11:00,2026-05-27 11:25:35,Software,3 - Moderate,Service Desk,MS Office 365 로그인 인증 오류,아웃룩과 액셀 실행 시 라이선스 인증 창이 계속 뜨며 정품 인증이 풀리는 현상이 있습니다.
SR10886,2026-03-02 23:15:00,2026-03-03 03:14:34,Hardware,2 - High,Service Desk,노트북 전원 불량 및 켜지지 않음,어제 저녁까지 잘 쓰던 노트북이 오늘 아침에 전원 버튼을 눌러도 반응이 없고 충전 표시등도 켜지지 않습니다.
SR10887,2026-02-21 07:53:00,2026-02-21 15:05:25,Software,3 - Moderate,Software Support,MS Office 365 로그인 인증 오류,아웃룩과 액셀 실행 시 라이선스 인증 창이 계속 뜨며 정품 인증이 풀리는 현상이 있습니다.
SR10888,2026-01-28 03:58:00,2026-01-28 20:36:28,HR,3 - Moderate,Service Desk,올해 연차 잔여 일수 확인 요청,포털에 표시되는 잔여 연차 일수와 실제 사용 일수가 상이한 것 같아 정확한 확인을 요청합니다.
SR10889,2026-01-02 17:02:00,2026-01-02 21:15:03,Network,3 - Moderate,Service Desk,방화벽 포트 오픈 신청,신규 개발 시스템 구축을 위해 개발망과 운영망 간의 특정 포트 오픈이 필요합니다.
SR10890,2026-03-22 15:57:00,2026-03-22 18:09:20,Access,4 - Low,Service Desk,보안 서버 접근용 SSH 키 등록,운영 서버 점검을 위해 개발자 공개 SSH 키 등록을 요청합니다.
SR10891,2026-02-16 16:17:00,2026-02-17 12:01:51,HR,3 - Moderate,Service Desk,사원증 분실로 인한 재발급 신청,출근 중 사원증을 분실하여 재발급을 요청합니다. 출입 권한 이전도 같이 요청합니다.
SR10892,2026-02-02 01:33:00,2026-02-02 03:44:14,Access,3 - Moderate,Security Team,보안 서버 접근용 SSH 키 등록,운영 서버 점검을 위해 개발자 공개 SSH 키 등록을 요청합니다.
SR10893,2026-01-09 16:22:00,2026-01-09 17:48:48,Access,3 - Moderate,Service Desk,보안 서버 접근용 SSH 키 등록,운영 서버 점검을 위해 개발자 공개 SSH 키 등록을 요청합니다.
SR10894,2026-01-31 22:33:00,2026-02-01 00:30:58,Access,3 - Moderate,Security Team,Jira 및 Confluence 프로젝트 관리자 권한 부여,부서 이동으로 인해 특정 Jira 프로젝트의 관리 권한 인계가 필요합니다.
SR10895,2026-01-04 21:13:00,2026-01-05 00:22:25,Access,4 - Low,Service Desk,신규 프로젝트 공유 폴더 접근 권한 신청,이번에 신규 생성된 공유 폴더인 'Project_2026'에 대한 읽기/쓰기 권한 부여를 신청합니다.
SR10896,2026-04-03 19:55:00,2026-04-04 00:27:21,Access,4 - Low,Security Team,신규 입사자 시스템 권한 일괄 신청,"다음 주 입사 예정인 신입 사원의 메일, 메신저, 사내 시스템 접근 권한 일괄 생성을 요청합니다."
SR10897,2026-03-09 07:17:00,2026-03-09 14:56:36,Software,3 - Moderate,Software Support,데이터베이스 클라이언트 툴 설치 요청,업무를 위해 DBeaver 설치가 필요합니다. 사내 소프트웨어 포털에서 설치가 안 되어 지원 요청합니다.
SR10898,2026-02-17 15:27:00,2026-02-17 18:32:46,Access,4 - Low,Service Desk,신규 입사자 시스템 권한 일괄 신청,"다음 주 입사 예정인 신입 사원의 메일, 메신저, 사내 시스템 접근 권한 일괄 생성을 요청합니다."
SR10899,2026-04-04 12:17:00,2026-04-05 01:21:31,Hardware,4 - Low,Service Desk,마우스 및 키보드 교체 요청,"키보드의 특정 키가 눌린 채로 안 올라오고, 마우스 휠이 정상적으로 작동하지 않아 업무에 지장이 있습니다. 새 장비로 교체 요청합니다."
SR10900,2026-02-03 18:43:00,2026-02-03 20:49:28,Access,3 - Moderate,Security Team,보안 서버 접근용 SSH 키 등록,운영 서버 점검을 위해 개발자 공개 SSH 키 등록을 요청합니다.
SR10901,2026-03-02 17:27:00,2026-03-03 07:50:25,Hardware,3 - Moderate,Hardware Support,마우스 및 키보드 교체 요청,"키보드의 특정 키가 눌린 채로 안 올라오고, 마우스 휠이 정상적으로 작동하지 않아 업무에 지장이 있습니다. 새 장비로 교체 요청합니다."
SR10902,2026-02-08 15:51:00,2026-02-08 21:02:26,Access,4 - Low,Security Team,사내 인트라넷 계정 잠금 해제 요청,비밀번호를 5회 잘못 입력하여 사내 포털 계정이 잠겼습니다. 잠금 해제 및 임시 비밀번호 발급 부탁드립니다.
SR10903,2026-05-08 04:57:00,2026-05-08 11:48:32,Network,4 - Low,Network Support,네트워크 스위치 재부팅 요청,개발 서버 대역의 네트워크 연결 상태가 불안정하여 스위치 장비 확인 및 재부팅을 요청합니다.
SR10904,2026-03-18 08:35:00,2026-03-18 21:41:48,HR,3 - Moderate,Service Desk,사원증 분실로 인한 재발급 신청,출근 중 사원증을 분실하여 재발급을 요청합니다. 출입 권한 이전도 같이 요청합니다.
SR10905,2026-01-26 22:10:00,2026-01-28 04:52:11,HR,3 - Moderate,HR Team,사원증 분실로 인한 재발급 신청,출근 중 사원증을 분실하여 재발급을 요청합니다. 출입 권한 이전도 같이 요청합니다.
SR10906,2026-05-02 20:06:00,2026-05-03 01:36:46,Network,3 - Moderate,Network Support,와이파이 신호 불량 및 속도 저하,회의실 A에서 사내 와이파이 연결이 자주 끊기고 속도가 너무 느려서 회의 진행이 어렵습니다.
SR10907,2026-04-03 11:35:00,2026-04-03 13:52:21,Access,3 - Moderate,Service Desk,신규 입사자 시스템 권한 일괄 신청,"다음 주 입사 예정인 신입 사원의 메일, 메신저, 사내 시스템 접근 권한 일괄 생성을 요청합니다."
SR10908,2026-01-06 13:07:00,2026-01-07 13:31:40,HR,4 - Low,Service Desk,경조사 휴가 및 경조금 신청,가족 상가로 인한 특별 휴가 신청서와 경조금 지급 신청서류를 제출합니다.
SR10909,2026-05-28 20:41:00,2026-05-29 03:59:21,Software,3 - Moderate,Software Support,데이터베이스 클라이언트 툴 설치 요청,업무를 위해 DBeaver 설치가 필요합니다. 사내 소프트웨어 포털에서 설치가 안 되어 지원 요청합니다.
SR10910,2026-04-01 10:43:00,2026-04-02 18:31:06,HR,3 - Moderate,HR Team,경조사 휴가 및 경조금 신청,가족 상가로 인한 특별 휴가 신청서와 경조금 지급 신청서류를 제출합니다.
SR10911,2026-01-21 12:39:00,2026-01-22 17:00:01,HR,4 - Low,Service Desk,사원증 분실로 인한 재발급 신청,출근 중 사원증을 분실하여 재발급을 요청합니다. 출입 권한 이전도 같이 요청합니다.
SR10912,2026-02-12 20:51:00,2026-02-13 00:17:47,Software,3 - Moderate,Service Desk,MS Office 365 로그인 인증 오류,아웃룩과 액셀 실행 시 라이선스 인증 창이 계속 뜨며 정품 인증이 풀리는 현상이 있습니다.
SR10913,2026-05-27 12:54:00,2026-05-27 19:38:09,Software,4 - Low,Service Desk,데이터베이스 클라이언트 툴 설치 요청,업무를 위해 DBeaver 설치가 필요합니다. 사내 소프트웨어 포털에서 설치가 안 되어 지원 요청합니다.
SR10914,2026-03-29 07:20:00,2026-03-29 11:04:39,Network,3 - Moderate,Network Support,사내 VPN 접속 오류 발생,외부 출장 중에 사내 VPN에 접속하려고 하면 403 에러가 발생하며 로그인이 되지 않습니다.
SR10915,2026-04-12 08:56:00,2026-04-12 12:50:11,Software,3 - Moderate,Service Desk,신규 백신 프로그램 설치 실패,사내 보안 정책에 따라 백신 프로그램을 설치하려는데 설치 도중 에러가 나면서 롤백됩니다. 설치 지원 요청합니다.
SR10916,2026-05-14 14:26:00,2026-05-14 15:17:26,Access,2 - High,Service Desk,보안 서버 접근용 SSH 키 등록,운영 서버 점검을 위해 개발자 공개 SSH 키 등록을 요청합니다.
SR10917,2026-02-02 23:15:00,2026-02-03 14:05:03,Hardware,3 - Moderate,Hardware Support,듀얼 모니터 미인식 문제,모니터를 새로 연결했는데 PC에서 듀얼 모니터 인식이 안 되고 화면이 나오지 않습니다.
SR10918,2026-02-12 12:06:00,2026-02-12 20:55:51,Software,4 - Low,Software Support,MS Office 365 로그인 인증 오류,아웃룩과 액셀 실행 시 라이선스 인증 창이 계속 뜨며 정품 인증이 풀리는 현상이 있습니다.
SR10919,2026-05-21 01:01:00,2026-05-21 05:47:22,Network,3 - Moderate,Network Support,네트워크 스위치 재부팅 요청,개발 서버 대역의 네트워크 연결 상태가 불안정하여 스위치 장비 확인 및 재부팅을 요청합니다.
SR10920,2026-03-09 19:09:00,2026-03-09 21:48:22,Access,3 - Moderate,Security Team,신규 프로젝트 공유 폴더 접근 권한 신청,이번에 신규 생성된 공유 폴더인 'Project_2026'에 대한 읽기/쓰기 권한 부여를 신청합니다.
SR10921,2026-02-28 07:47:00,2026-02-28 08:25:48,Network,1 - Critical,Service Desk,와이파이 신호 불량 및 속도 저하,회의실 A에서 사내 와이파이 연결이 자주 끊기고 속도가 너무 느려서 회의 진행이 어렵습니다.
SR10922,2026-02-03 16:53:00,2026-02-03 22:00:51,Software,3 - Moderate,Service Desk,MS Office 365 로그인 인증 오류,아웃룩과 액셀 실행 시 라이선스 인증 창이 계속 뜨며 정품 인증이 풀리는 현상이 있습니다.
SR10923,2026-04-02 10:55:00,2026-04-03 08:55:11,Hardware,4 - Low,Hardware Support,듀얼 모니터 미인식 문제,모니터를 새로 연결했는데 PC에서 듀얼 모니터 인식이 안 되고 화면이 나오지 않습니다.
SR10924,2026-03-11 17:28:00,2026-03-11 18:01:30,Access,2 - High,Service Desk,보안 서버 접근용 SSH 키 등록,운영 서버 점검을 위해 개발자 공개 SSH 키 등록을 요청합니다.
SR10925,2026-04-27 20:47:00,2026-04-29 02:15:32,Hardware,4 - Low,Hardware Support,PC 메모리 추가 장착 요청,최근 코딩 작업 시 메모리 부족으로 인해 PC 속도가 급격히 느려집니다. 기존 8GB에서 16GB로 업그레이드 요청합니다.
SR10926,2026-05-17 09:58:00,2026-05-19 07:52:03,HR,4 - Low,Service Desk,사내 교육 수강 이력 반영 요청,지난주 완료한 직무 교육 수강 확인서를 첨부하오니 교육 이력에 반영해 주시기 바랍니다.
SR10927,2026-02-28 02:28:00,2026-02-28 07:34:56,Software,3 - Moderate,Service Desk,데이터베이스 클라이언트 툴 설치 요청,업무를 위해 DBeaver 설치가 필요합니다. 사내 소프트웨어 포털에서 설치가 안 되어 지원 요청합니다.
SR10928,2026-03-08 04:19:00,2026-03-08 08:02:15,Software,3 - Moderate,Service Desk,Git 클라이언트 소스 동기화 에러,로컬 저장소에서 원격 저장소로 push를 할 때 권한 오류 또는 알 수 없는 오류로 실패합니다.
SR10929,2026-02-04 11:18:00,2026-02-04 18:33:31,Network,3 - Moderate,Network Support,방화벽 포트 오픈 신청,신규 개발 시스템 구축을 위해 개발망과 운영망 간의 특정 포트 오픈이 필요합니다.
SR10930,2026-05-03 09:00:00,2026-05-03 11:15:01,Access,3 - Moderate,Security Team,Jira 및 Confluence 프로젝트 관리자 권한 부여,부서 이동으로 인해 특정 Jira 프로젝트의 관리 권한 인계가 필요합니다.
SR10931,2026-03-01 00:35:00,2026-03-01 01:40:52,Access,2 - High,Service Desk,보안 서버 접근용 SSH 키 등록,운영 서버 점검을 위해 개발자 공개 SSH 키 등록을 요청합니다.
SR10932,2026-05-24 13:25:00,2026-05-24 18:46:10,Software,3 - Moderate,Software Support,Git 클라이언트 소스 동기화 에러,로컬 저장소에서 원격 저장소로 push를 할 때 권한 오류 또는 알 수 없는 오류로 실패합니다.
SR10933,2026-04-07 07:16:00,2026-04-07 20:55:38,Hardware,3 - Moderate,Hardware Support,회의실 빔프로젝터 연결 케이블 파손,대회의실 빔프로젝터에 연결하는 HDMI 케이블 단자가 파손되어 화면 출력이 되지 않습니다. 교체 바랍니다.
SR10934,2026-05-13 19:51:00,2026-05-13 22:46:35,Network,3 - Moderate,Service Desk,사내 VPN 접속 오류 발생,외부 출장 중에 사내 VPN에 접속하려고 하면 403 에러가 발생하며 로그인이 되지 않습니다.
SR10935,2026-03-10 13:12:00,2026-03-10 19:07:52,Software,3 - Moderate,Service Desk,데이터베이스 클라이언트 툴 설치 요청,업무를 위해 DBeaver 설치가 필요합니다. 사내 소프트웨어 포털에서 설치가 안 되어 지원 요청합니다.
SR10936,2026-03-16 03:40:00,2026-03-16 07:27:25,Network,3 - Moderate,Network Support,사내 VPN 접속 오류 발생,외부 출장 중에 사내 VPN에 접속하려고 하면 403 에러가 발생하며 로그인이 되지 않습니다.
SR10937,2026-05-06 06:20:00,2026-05-06 09:55:52,Access,4 - Low,Service Desk,신규 입사자 시스템 권한 일괄 신청,"다음 주 입사 예정인 신입 사원의 메일, 메신저, 사내 시스템 접근 권한 일괄 생성을 요청합니다."
SR10938,2026-05-17 00:11:00,2026-05-17 04:12:07,Network,3 - Moderate,Network Support,인터넷 연결 끊김 장애,오늘 아침부터 특정 층 전체 인터넷 연결이 끊겼습니다. 급한 업무가 많은데 빠른 확인 부탁드립니다.
SR10939,2026-02-02 22:28:00,2026-02-03 01:11:33,Network,3 - Moderate,Service Desk,와이파이 신호 불량 및 속도 저하,회의실 A에서 사내 와이파이 연결이 자주 끊기고 속도가 너무 느려서 회의 진행이 어렵습니다.
SR10940,2026-02-08 00:31:00,2026-02-08 04:09:49,Network,3 - Moderate,Network Support,인터넷 연결 끊김 장애,오늘 아침부터 특정 층 전체 인터넷 연결이 끊겼습니다. 급한 업무가 많은데 빠른 확인 부탁드립니다.
SR10941,2026-03-21 15:23:00,2026-03-22 06:43:37,Hardware,4 - Low,Service Desk,회의실 빔프로젝터 연결 케이블 파손,대회의실 빔프로젝터에 연결하는 HDMI 케이블 단자가 파손되어 화면 출력이 되지 않습니다. 교체 바랍니다.
SR10942,2026-01-21 04:03:00,2026-01-21 07:42:23,Access,3 - Moderate,Security Team,신규 입사자 시스템 권한 일괄 신청,"다음 주 입사 예정인 신입 사원의 메일, 메신저, 사내 시스템 접근 권한 일괄 생성을 요청합니다."
SR10943,2026-05-20 15:11:00,2026-05-20 21:07:23,Software,3 - Moderate,Service Desk,개발 IDE 라이선스 만료 및 갱신,사용 중인 IntelliJ 개발 라이선스가 만료되어 실행이 되지 않습니다. 라이선스 키 갱신 또는 재발급 요청합니다.
SR10944,2026-01-04 03:49:00,2026-01-04 15:16:05,Hardware,3 - Moderate,Service Desk,회의실 빔프로젝터 연결 케이블 파손,대회의실 빔프로젝터에 연결하는 HDMI 케이블 단자가 파손되어 화면 출력이 되지 않습니다. 교체 바랍니다.
SR10945,2026-03-05 23:02:00,2026-03-06 11:03:47,Hardware,4 - Low,Service Desk,회의실 빔프로젝터 연결 케이블 파손,대회의실 빔프로젝터에 연결하는 HDMI 케이블 단자가 파손되어 화면 출력이 되지 않습니다. 교체 바랍니다.
SR10946,2026-05-14 21:13:00,2026-05-15 12:55:08,Hardware,4 - Low,Service Desk,듀얼 모니터 미인식 문제,모니터를 새로 연결했는데 PC에서 듀얼 모니터 인식이 안 되고 화면이 나오지 않습니다.
SR10947,2026-03-24 05:40:00,2026-03-24 08:00:25,Access,3 - Moderate,Service Desk,신규 입사자 시스템 권한 일괄 신청,"다음 주 입사 예정인 신입 사원의 메일, 메신저, 사내 시스템 접근 권한 일괄 생성을 요청합니다."
SR10948,2026-05-04 20:19:00,2026-05-05 01:16:49,Network,3 - Moderate,Network Support,와이파이 신호 불량 및 속도 저하,회의실 A에서 사내 와이파이 연결이 자주 끊기고 속도가 너무 느려서 회의 진행이 어렵습니다.
SR10949,2026-02-25 03:15:00,2026-02-25 14:01:14,Hardware,3 - Moderate,Service Desk,듀얼 모니터 미인식 문제,모니터를 새로 연결했는데 PC에서 듀얼 모니터 인식이 안 되고 화면이 나오지 않습니다.
SR10950,2026-02-12 08:37:00,2026-02-12 09:16:00,Access,2 - High,Service Desk,신규 프로젝트 공유 폴더 접근 권한 신청,이번에 신규 생성된 공유 폴더인 'Project_2026'에 대한 읽기/쓰기 권한 부여를 신청합니다.
SR10951,2026-01-03 01:37:00,2026-01-03 04:21:49,Network,4 - Low,Service Desk,사내 VPN 접속 오류 발생,외부 출장 중에 사내 VPN에 접속하려고 하면 403 에러가 발생하며 로그인이 되지 않습니다.
SR10952,2026-01-23 07:10:00,2026-01-23 10:23:07,Access,3 - Moderate,Security Team,신규 입사자 시스템 권한 일괄 신청,"다음 주 입사 예정인 신입 사원의 메일, 메신저, 사내 시스템 접근 권한 일괄 생성을 요청합니다."
SR10953,2026-03-28 20:03:00,2026-03-28 21:13:51,Access,2 - High,Security Team,보안 서버 접근용 SSH 키 등록,운영 서버 점검을 위해 개발자 공개 SSH 키 등록을 요청합니다.
SR10954,2026-05-18 03:08:00,2026-05-18 05:35:12,Network,3 - Moderate,Service Desk,사내 VPN 접속 오류 발생,외부 출장 중에 사내 VPN에 접속하려고 하면 403 에러가 발생하며 로그인이 되지 않습니다.
SR10955,2026-05-23 20:48:00,2026-05-24 01:38:40,Access,4 - Low,Security Team,신규 입사자 시스템 권한 일괄 신청,"다음 주 입사 예정인 신입 사원의 메일, 메신저, 사내 시스템 접근 권한 일괄 생성을 요청합니다."
SR10956,2026-01-06 22:24:00,2026-01-07 02:22:51,Software,3 - Moderate,Service Desk,MS Office 365 로그인 인증 오류,아웃룩과 액셀 실행 시 라이선스 인증 창이 계속 뜨며 정품 인증이 풀리는 현상이 있습니다.
SR10957,2026-01-11 15:45:00,2026-01-12 03:16:43,Software,4 - Low,Software Support,신규 백신 프로그램 설치 실패,사내 보안 정책에 따라 백신 프로그램을 설치하려는데 설치 도중 에러가 나면서 롤백됩니다. 설치 지원 요청합니다.
SR10958,2026-05-06 06:36:00,2026-05-06 07:15:59,Access,1 - Critical,Service Desk,보안 서버 접근용 SSH 키 등록,운영 서버 점검을 위해 개발자 공개 SSH 키 등록을 요청합니다.
SR10959,2026-04-30 08:55:00,2026-04-30 17:34:06,Hardware,3 - Moderate,Service Desk,마우스 및 키보드 교체 요청,"키보드의 특정 키가 눌린 채로 안 올라오고, 마우스 휠이 정상적으로 작동하지 않아 업무에 지장이 있습니다. 새 장비로 교체 요청합니다."
SR10960,2026-05-16 04:28:00,2026-05-18 14:12:56,HR,4 - Low,HR Team,재직증명서 국문 및 영문 발급 요청,"은행 제출용 재직증명서 국문 1부, 비자 신청용 영문 1부를 급히 발급 요청합니다."
SR10961,2026-04-04 14:00:00,2026-04-04 18:13:07,Software,3 - Moderate,Service Desk,데이터베이스 클라이언트 툴 설치 요청,업무를 위해 DBeaver 설치가 필요합니다. 사내 소프트웨어 포털에서 설치가 안 되어 지원 요청합니다.
SR10962,2026-01-05 19:54:00,2026-01-05 22:42:47,HR,2 - High,Service Desk,올해 연차 잔여 일수 확인 요청,포털에 표시되는 잔여 연차 일수와 실제 사용 일수가 상이한 것 같아 정확한 확인을 요청합니다.
SR10963,2026-01-17 21:34:00,2026-01-18 04:46:38,Software,3 - Moderate,Software Support,신규 백신 프로그램 설치 실패,사내 보안 정책에 따라 백신 프로그램을 설치하려는데 설치 도중 에러가 나면서 롤백됩니다. 설치 지원 요청합니다.
SR10964,2026-05-08 17:09:00,2026-05-08 19:51:54,Access,3 - Moderate,Security Team,보안 서버 접근용 SSH 키 등록,운영 서버 점검을 위해 개발자 공개 SSH 키 등록을 요청합니다.
SR10965,2026-04-15 20:20:00,2026-04-15 22:01:23,HR,1 - Critical,Service Desk,경조사 휴가 및 경조금 신청,가족 상가로 인한 특별 휴가 신청서와 경조금 지급 신청서류를 제출합니다.
SR10966,2026-01-18 01:53:00,2026-01-18 11:34:38,Network,4 - Low,Network Support,방화벽 포트 오픈 신청,신규 개발 시스템 구축을 위해 개발망과 운영망 간의 특정 포트 오픈이 필요합니다.
SR10967,2026-02-21 03:31:00,2026-02-21 19:32:06,Hardware,3 - Moderate,Hardware Support,듀얼 모니터 미인식 문제,모니터를 새로 연결했는데 PC에서 듀얼 모니터 인식이 안 되고 화면이 나오지 않습니다.
SR10968,2026-05-27 20:53:00,2026-05-28 19:48:18,Hardware,4 - Low,Hardware Support,듀얼 모니터 미인식 문제,모니터를 새로 연결했는데 PC에서 듀얼 모니터 인식이 안 되고 화면이 나오지 않습니다.
SR10969,2026-03-07 01:23:00,2026-03-07 01:53:00,Access,1 - Critical,Service Desk,보안 서버 접근용 SSH 키 등록,운영 서버 점검을 위해 개발자 공개 SSH 키 등록을 요청합니다.
SR10970,2026-02-23 20:31:00,2026-02-24 09:35:45,Hardware,3 - Moderate,Hardware Support,듀얼 모니터 미인식 문제,모니터를 새로 연결했는데 PC에서 듀얼 모니터 인식이 안 되고 화면이 나오지 않습니다.
SR10971,2026-04-03 17:47:00,2026-04-03 21:38:26,Network,4 - Low,Service Desk,인터넷 연결 끊김 장애,오늘 아침부터 특정 층 전체 인터넷 연결이 끊겼습니다. 급한 업무가 많은데 빠른 확인 부탁드립니다.
SR10972,2026-03-10 16:02:00,2026-03-10 18:13:00,Access,3 - Moderate,Service Desk,신규 프로젝트 공유 폴더 접근 권한 신청,이번에 신규 생성된 공유 폴더인 'Project_2026'에 대한 읽기/쓰기 권한 부여를 신청합니다.
SR10973,2026-02-25 16:06:00,2026-02-25 20:14:53,Network,4 - Low,Service Desk,인터넷 연결 끊김 장애,오늘 아침부터 특정 층 전체 인터넷 연결이 끊겼습니다. 급한 업무가 많은데 빠른 확인 부탁드립니다.
SR10974,2026-04-09 06:12:00,2026-04-09 16:04:10,Network,4 - Low,Network Support,방화벽 포트 오픈 신청,신규 개발 시스템 구축을 위해 개발망과 운영망 간의 특정 포트 오픈이 필요합니다.
SR10975,2026-02-15 17:47:00,2026-02-17 19:48:03,HR,3 - Moderate,HR Team,사내 교육 수강 이력 반영 요청,지난주 완료한 직무 교육 수강 확인서를 첨부하오니 교육 이력에 반영해 주시기 바랍니다.
SR10976,2026-05-28 11:43:00,2026-05-29 19:34:30,HR,3 - Moderate,Service Desk,재직증명서 국문 및 영문 발급 요청,"은행 제출용 재직증명서 국문 1부, 비자 신청용 영문 1부를 급히 발급 요청합니다."
SR10977,2026-02-12 05:35:00,2026-02-12 07:31:33,Access,3 - Moderate,Service Desk,신규 프로젝트 공유 폴더 접근 권한 신청,이번에 신규 생성된 공유 폴더인 'Project_2026'에 대한 읽기/쓰기 권한 부여를 신청합니다.
SR10978,2026-05-17 19:28:00,2026-05-17 23:24:27,Access,4 - Low,Service Desk,사내 인트라넷 계정 잠금 해제 요청,비밀번호를 5회 잘못 입력하여 사내 포털 계정이 잠겼습니다. 잠금 해제 및 임시 비밀번호 발급 부탁드립니다.
SR10979,2026-03-25 11:26:00,2026-03-25 15:13:53,Software,3 - Moderate,Service Desk,데이터베이스 클라이언트 툴 설치 요청,업무를 위해 DBeaver 설치가 필요합니다. 사내 소프트웨어 포털에서 설치가 안 되어 지원 요청합니다.
SR10980,2026-03-03 18:34:00,2026-03-03 19:51:44,Access,3 - Moderate,Service Desk,보안 서버 접근용 SSH 키 등록,운영 서버 점검을 위해 개발자 공개 SSH 키 등록을 요청합니다.
SR10981,2026-03-07 11:28:00,2026-03-08 01:46:42,Hardware,3 - Moderate,Service Desk,PC 메모리 추가 장착 요청,최근 코딩 작업 시 메모리 부족으로 인해 PC 속도가 급격히 느려집니다. 기존 8GB에서 16GB로 업그레이드 요청합니다.
SR10982,2026-01-09 09:38:00,2026-01-09 10:34:23,Access,2 - High,Service Desk,신규 프로젝트 공유 폴더 접근 권한 신청,이번에 신규 생성된 공유 폴더인 'Project_2026'에 대한 읽기/쓰기 권한 부여를 신청합니다.
SR10983,2026-01-02 09:14:00,2026-01-02 12:35:30,Network,3 - Moderate,Network Support,와이파이 신호 불량 및 속도 저하,회의실 A에서 사내 와이파이 연결이 자주 끊기고 속도가 너무 느려서 회의 진행이 어렵습니다.
SR10984,2026-03-12 17:32:00,2026-03-13 10:35:44,Hardware,4 - Low,Service Desk,듀얼 모니터 미인식 문제,모니터를 새로 연결했는데 PC에서 듀얼 모니터 인식이 안 되고 화면이 나오지 않습니다.
SR10985,2026-01-10 14:22:00,2026-01-12 06:40:00,HR,3 - Moderate,HR Team,재직증명서 국문 및 영문 발급 요청,"은행 제출용 재직증명서 국문 1부, 비자 신청용 영문 1부를 급히 발급 요청합니다."
SR10986,2026-04-04 18:15:00,2026-04-05 08:27:36,Hardware,3 - Moderate,Hardware Support,마우스 및 키보드 교체 요청,"키보드의 특정 키가 눌린 채로 안 올라오고, 마우스 휠이 정상적으로 작동하지 않아 업무에 지장이 있습니다. 새 장비로 교체 요청합니다."
SR10987,2026-01-24 18:25:00,2026-01-25 03:41:05,Hardware,3 - Moderate,Service Desk,마우스 및 키보드 교체 요청,"키보드의 특정 키가 눌린 채로 안 올라오고, 마우스 휠이 정상적으로 작동하지 않아 업무에 지장이 있습니다. 새 장비로 교체 요청합니다."
SR10988,2026-03-25 15:11:00,2026-03-27 03:35:34,HR,3 - Moderate,HR Team,재직증명서 국문 및 영문 발급 요청,"은행 제출용 재직증명서 국문 1부, 비자 신청용 영문 1부를 급히 발급 요청합니다."
SR10989,2026-03-18 01:46:00,2026-03-18 02:20:46,Access,2 - High,Security Team,보안 서버 접근용 SSH 키 등록,운영 서버 점검을 위해 개발자 공개 SSH 키 등록을 요청합니다.
SR10990,2026-01-15 10:22:00,2026-01-16 07:08:28,HR,3 - Moderate,Service Desk,재직증명서 국문 및 영문 발급 요청,"은행 제출용 재직증명서 국문 1부, 비자 신청용 영문 1부를 급히 발급 요청합니다."
SR10991,2026-02-28 23:41:00,2026-03-01 01:30:08,Access,3 - Moderate,Service Desk,신규 프로젝트 공유 폴더 접근 권한 신청,이번에 신규 생성된 공유 폴더인 'Project_2026'에 대한 읽기/쓰기 권한 부여를 신청합니다.
SR10992,2026-01-14 09:33:00,2026-01-14 21:05:53,HR,1 - Critical,HR Team,사원증 분실로 인한 재발급 신청,출근 중 사원증을 분실하여 재발급을 요청합니다. 출입 권한 이전도 같이 요청합니다.
SR10993,2026-05-25 04:20:00,2026-05-25 08:02:34,Network,3 - Moderate,Service Desk,방화벽 포트 오픈 신청,신규 개발 시스템 구축을 위해 개발망과 운영망 간의 특정 포트 오픈이 필요합니다.
SR10994,2026-01-13 21:46:00,2026-01-15 03:55:30,HR,3 - Moderate,HR Team,올해 연차 잔여 일수 확인 요청,포털에 표시되는 잔여 연차 일수와 실제 사용 일수가 상이한 것 같아 정확한 확인을 요청합니다.
SR10995,2026-05-28 16:05:00,2026-05-28 17:37:45,Access,3 - Moderate,Service Desk,보안 서버 접근용 SSH 키 등록,운영 서버 점검을 위해 개발자 공개 SSH 키 등록을 요청합니다.
SR10996,2026-04-11 04:08:00,2026-04-11 07:20:17,Hardware,2 - High,Service Desk,마우스 및 키보드 교체 요청,"키보드의 특정 키가 눌린 채로 안 올라오고, 마우스 휠이 정상적으로 작동하지 않아 업무에 지장이 있습니다. 새 장비로 교체 요청합니다."
SR10997,2026-05-27 23:03:00,2026-05-28 05:00:12,Software,3 - Moderate,Software Support,Git 클라이언트 소스 동기화 에러,로컬 저장소에서 원격 저장소로 push를 할 때 권한 오류 또는 알 수 없는 오류로 실패합니다.
SR10998,2026-01-22 12:32:00,2026-01-23 07:39:59,HR,3 - Moderate,Service Desk,경조사 휴가 및 경조금 신청,가족 상가로 인한 특별 휴가 신청서와 경조금 지급 신청서류를 제출합니다.
SR10999,2026-05-04 17:12:00,2026-05-04 20:44:22,Access,3 - Moderate,Security Team,사내 인트라넷 계정 잠금 해제 요청,비밀번호를 5회 잘못 입력하여 사내 포털 계정이 잠겼습니다. 잠금 해제 및 임시 비밀번호 발급 부탁드립니다.
